sample_id,target_label,target_index,hierarchical_predicted_label,hierarchical_predicted_index,flat_predicted_label,flat_predicted_index
ISIC_0000011,non_malignant,0,non_malignant,0,non_malignant,0
ISIC_0000017_downsampled,non_malignant,0,non_malignant,0,non_malignant,0
ISIC_0000034_downsampled,non_malignant,0,melanoma,1,melanoma,1
ISIC_0000136_downsampled,non_malignant,0,non_malignant,0,non_malignant,0
ISIC_0000201_downsampled,non_malignant,0,non_malignant,0,bcc,2
ISIC_0000206_downsampled,non_malignant,0,non_malignant,0,non_malignant,0
ISIC_0000212,non_malignant,0,non_malignant,0,non_malignant,0
ISIC_0000216,non_malignant,0,melanoma,1,non_malignant,0
ISIC_0000222,non_malignant,0,non_malignant,0,non_malignant,0
ISIC_0000223,non_malignant,0,non_malignant,0,non_malignant,0
ISIC_0000228,non_malignant,0,non_malignant,0,non_malignant,0
ISIC_0000245,non_malignant,0,non_malignant,0,non_malignant,0
ISIC_0000256,non_malignant,0,non_malignant,0,non_malignant,0
ISIC_0000295,melanoma,1,melanoma,1,non_malignant,0
ISIC_0000315,non_malignant,0,non_malignant,0,non_malignant,0
ISIC_0000321,non_malignant,0,non_malignant,0,non_malignant,0
ISIC_0000336,non_malignant,0,non_malignant,0,non_malignant,0
ISIC_0000340,non_malignant,0,non_malignant,0,non_malignant,0
ISIC_0000361,non_malignant,0,non_malignant,0,non_malignant,0
ISIC_0000478,non_malignant,0,non_malignant,0,non_malignant,0
ISIC_0000515,non_malignant,0,non_malignant,0,non_malignant,0
ISIC_0000516,melanoma,1,melanoma,1,melanoma,1
ISIC_0001140_downsampled,melanoma,1,melanoma,1,melanoma,1
ISIC_0001212_downsampled,non_malignant,0,non_malignant,0,non_malignant,0
ISIC_0001254_downsampled,non_malignant,0,non_malignant,0,non_malignant,0
ISIC_0001275_downsampled,non_malignant,0,non_malignant,0,non_malignant,0
ISIC_0001852_downsampled,non_malignant,0,non_malignant,0,non_malignant,0
ISIC_0002107_downsampled,non_malignant,0,non_malignant,0,non_malignant,0
ISIC_0002246_downsampled,non_malignant,0,non_malignant,0,non_malignant,0
ISIC_0005564_downsampled,non_malignant,0,non_malignant,0,non_malignant,0
ISIC_0006671_downsampled,non_malignant,0,non_malignant,0,non_malignant,0
ISIC_0007087_downsampled,non_malignant,0,non_malignant,0,non_malignant,0
ISIC_0009860_downsampled,non_malignant,0,non_malignant,0,non_malignant,0
ISIC_0009870,non_malignant,0,non_malignant,0,non_malignant,0
ISIC_0009883,non_malignant,0,non_malignant,0,non_malignant,0
ISIC_0010017,non_malignant,0,non_malignant,0,non_malignant,0
ISIC_0010040,non_malignant,0,non_malignant,0,non_malignant,0
ISIC_0010063,non_malignant,0,non_malignant,0,non_malignant,0
ISIC_0010070,non_malignant,0,non_malignant,0,non_malignant,0
ISIC_0010087,non_malignant,0,non_malignant,0,non_malignant,0
ISIC_0010089,melanoma,1,non_malignant,0,non_malignant,0
ISIC_0010215,non_malignant,0,non_malignant,0,non_malignant,0
ISIC_0010255,non_malignant,0,non_malignant,0,non_malignant,0
ISIC_0010457,non_malignant,0,non_malignant,0,non_malignant,0
ISIC_0010467,non_malignant,0,non_malignant,0,non_malignant,0
ISIC_0010488,non_malignant,0,non_malignant,0,non_malignant,0
ISIC_0010491,non_malignant,0,non_malignant,0,non_malignant,0
ISIC_0010553,non_malignant,0,non_malignant,0,non_malignant,0
ISIC_0010568,non_malignant,0,non_malignant,0,non_malignant,0
ISIC_0010582,non_malignant,0,non_malignant,0,non_malignant,0
ISIC_0010597,melanoma,1,melanoma,1,melanoma,1
ISIC_0011124,non_malignant,0,non_malignant,0,non_malignant,0
ISIC_0011132,melanoma,1,non_malignant,0,melanoma,1
ISIC_0011217,non_malignant,0,non_malignant,0,non_malignant,0
ISIC_0011227,non_malignant,0,non_malignant,0,non_malignant,0
ISIC_0011297,non_malignant,0,non_malignant,0,non_malignant,0
ISIC_0011301,non_malignant,0,non_malignant,0,non_malignant,0
ISIC_0011329,melanoma,1,melanoma,1,non_malignant,0
ISIC_0012150_downsampled,non_malignant,0,non_malignant,0,non_malignant,0
ISIC_0012210_downsampled,non_malignant,0,non_malignant,0,non_malignant,0
ISIC_0012332_downsampled,non_malignant,0,non_malignant,0,non_malignant,0
ISIC_0012364_downsampled,non_malignant,0,non_malignant,0,non_malignant,0
ISIC_0012369_downsampled,melanoma,1,non_malignant,0,non_malignant,0
ISIC_0012374_downsampled,non_malignant,0,non_malignant,0,non_malignant,0
ISIC_0012395_downsampled,melanoma,1,melanoma,1,melanoma,1
ISIC_0012416_downsampled,non_malignant,0,non_malignant,0,non_malignant,0
ISIC_0012459_downsampled,non_malignant,0,non_malignant,0,non_malignant,0
ISIC_0012789_downsampled,non_malignant,0,non_malignant,0,non_malignant,0
ISIC_0012852_downsampled,non_malignant,0,non_malignant,0,non_malignant,0
ISIC_0012907_downsampled,non_malignant,0,non_malignant,0,non_malignant,0
ISIC_0012967_downsampled,non_malignant,0,non_malignant,0,non_malignant,0
ISIC_0012989_downsampled,melanoma,1,non_malignant,0,non_malignant,0
ISIC_0013084_downsampled,non_malignant,0,non_malignant,0,non_malignant,0
ISIC_0013207_downsampled,non_malignant,0,non_malignant,0,non_malignant,0
ISIC_0013474_downsampled,non_malignant,0,non_malignant,0,non_malignant,0
ISIC_0013561_downsampled,non_malignant,0,non_malignant,0,non_malignant,0
ISIC_0013578_downsampled,melanoma,1,non_malignant,0,melanoma,1
ISIC_0013615_downsampled,melanoma,1,melanoma,1,melanoma,1
ISIC_0013626_downsampled,melanoma,1,non_malignant,0,melanoma,1
ISIC_0013644_downsampled,melanoma,1,non_malignant,0,non_malignant,0
ISIC_0013687_downsampled,non_malignant,0,non_malignant,0,non_malignant,0
ISIC_0013706_downsampled,non_malignant,0,non_malignant,0,non_malignant,0
ISIC_0013843_downsampled,non_malignant,0,non_malignant,0,non_malignant,0
ISIC_0013886_downsampled,non_malignant,0,non_malignant,0,non_malignant,0
ISIC_0013890_downsampled,non_malignant,0,non_malignant,0,non_malignant,0
ISIC_0013945_downsampled,non_malignant,0,non_malignant,0,non_malignant,0
ISIC_0013977_downsampled,non_malignant,0,non_malignant,0,non_malignant,0
ISIC_0013980_downsampled,non_malignant,0,non_malignant,0,non_malignant,0
ISIC_0014072_downsampled,melanoma,1,melanoma,1,melanoma,1
ISIC_0014077_downsampled,melanoma,1,non_malignant,0,non_malignant,0
ISIC_0014080_downsampled,non_malignant,0,non_malignant,0,non_malignant,0
ISIC_0014114_downsampled,non_malignant,0,melanoma,1,non_malignant,0
ISIC_0014120_downsampled,non_malignant,0,non_malignant,0,non_malignant,0
ISIC_0014221_downsampled,melanoma,1,non_malignant,0,melanoma,1
ISIC_0014270_downsampled,melanoma,1,non_malignant,0,non_malignant,0
ISIC_0014474_downsampled,non_malignant,0,non_malignant,0,non_malignant,0
ISIC_0014480_downsampled,melanoma,1,non_malignant,0,melanoma,1
ISIC_0014507_downsampled,melanoma,1,non_malignant,0,melanoma,1
ISIC_0014516_downsampled,non_malignant,0,non_malignant,0,non_malignant,0
ISIC_0014554_downsampled,non_malignant,0,non_malignant,0,non_malignant,0
ISIC_0014558_downsampled,melanoma,1,melanoma,1,melanoma,1
ISIC_0014593_downsampled,non_malignant,0,non_malignant,0,non_malignant,0
ISIC_0014616_downsampled,non_malignant,0,non_malignant,0,non_malignant,0
ISIC_0014654_downsampled,non_malignant,0,non_malignant,0,non_malignant,0
ISIC_0014688_downsampled,melanoma,1,non_malignant,0,non_malignant,0
ISIC_0014692_downsampled,non_malignant,0,non_malignant,0,non_malignant,0
ISIC_0014694_downsampled,non_malignant,0,non_malignant,0,non_malignant,0
ISIC_0014696_downsampled,non_malignant,0,melanoma,1,non_malignant,0
ISIC_0014746_downsampled,non_malignant,0,non_malignant,0,non_malignant,0
ISIC_0014770_downsampled,non_malignant,0,non_malignant,0,non_malignant,0
ISIC_0014863_downsampled,non_malignant,0,non_malignant,0,non_malignant,0
ISIC_0014867_downsampled,non_malignant,0,non_malignant,0,non_malignant,0
ISIC_0014883_downsampled,melanoma,1,melanoma,1,non_malignant,0
ISIC_0014922_downsampled,melanoma,1,melanoma,1,melanoma,1
ISIC_0014929_downsampled,non_malignant,0,non_malignant,0,non_malignant,0
ISIC_0014955_downsampled,non_malignant,0,non_malignant,0,non_malignant,0
ISIC_0014977_downsampled,non_malignant,0,non_malignant,0,non_malignant,0
ISIC_0014985_downsampled,melanoma,1,melanoma,1,melanoma,1
ISIC_0015144_downsampled,non_malignant,0,non_malignant,0,non_malignant,0
ISIC_0015168_downsampled,non_malignant,0,non_malignant,0,non_malignant,0
ISIC_0015218_downsampled,non_malignant,0,non_malignant,0,non_malignant,0
ISIC_0015939_downsampled,non_malignant,0,non_malignant,0,non_malignant,0
ISIC_0015950_downsampled,non_malignant,0,non_malignant,0,non_malignant,0
ISIC_0015957_downsampled,non_malignant,0,non_malignant,0,non_malignant,0
ISIC_0015973_downsampled,non_malignant,0,non_malignant,0,non_malignant,0
ISIC_0015985_downsampled,non_malignant,0,non_malignant,0,non_malignant,0
ISIC_0016003_downsampled,non_malignant,0,non_malignant,0,non_malignant,0
ISIC_0024356,non_malignant,0,non_malignant,0,non_malignant,0
ISIC_0024382,non_malignant,0,non_malignant,0,melanoma,1
ISIC_0024427,non_malignant,0,non_malignant,0,non_malignant,0
ISIC_0024491,non_malignant,0,non_malignant,0,non_malignant,0
ISIC_0024520,non_malignant,0,non_malignant,0,non_malignant,0
ISIC_0024524,non_malignant,0,melanoma,1,melanoma,1
ISIC_0024531,non_malignant,0,non_malignant,0,non_malignant,0
ISIC_0024538,non_malignant,0,non_malignant,0,non_malignant,0
ISIC_0024566,non_malignant,0,non_malignant,0,non_malignant,0
ISIC_0024583,non_malignant,0,non_malignant,0,non_malignant,0
ISIC_0024606,non_malignant,0,non_malignant,0,non_malignant,0
ISIC_0024660,non_malignant,0,non_malignant,0,non_malignant,0
ISIC_0024665,bcc,2,non_malignant,0,bcc,2
ISIC_0024681,non_malignant,0,non_malignant,0,non_malignant,0
ISIC_0024704,non_malignant,0,non_malignant,0,non_malignant,0
ISIC_0024712,non_malignant,0,non_malignant,0,non_malignant,0
ISIC_0024764,non_malignant,0,non_malignant,0,non_malignant,0
ISIC_0024778,non_malignant,0,non_malignant,0,non_malignant,0
ISIC_0024779,non_malignant,0,non_malignant,0,non_malignant,0
ISIC_0024797,non_malignant,0,non_malignant,0,non_malignant,0
ISIC_0024809,non_malignant,0,non_malignant,0,non_malignant,0
ISIC_0024825,non_malignant,0,scc,3,non_malignant,0
ISIC_0024854,non_malignant,0,non_malignant,0,non_malignant,0
ISIC_0024882,non_malignant,0,non_malignant,0,non_malignant,0
ISIC_0024920,non_malignant,0,non_malignant,0,non_malignant,0
ISIC_0024947,non_malignant,0,non_malignant,0,non_malignant,0
ISIC_0024964,non_malignant,0,non_malignant,0,non_malignant,0
ISIC_0024983,non_malignant,0,non_malignant,0,non_malignant,0
ISIC_0025014,non_malignant,0,non_malignant,0,non_malignant,0
ISIC_0025042,non_malignant,0,non_malignant,0,non_malignant,0
ISIC_0025046,bcc,2,bcc,2,bcc,2
ISIC_0025058,non_malignant,0,non_malignant,0,non_malignant,0
ISIC_0025096,non_malignant,0,non_malignant,0,non_malignant,0
ISIC_0025100,non_malignant,0,non_malignant,0,non_malignant,0
ISIC_0025112,non_malignant,0,bcc,2,bcc,2
ISIC_0025165,non_malignant,0,non_malignant,0,non_malignant,0
ISIC_0025170,non_malignant,0,non_malignant,0,non_malignant,0
ISIC_0025172,non_malignant,0,non_malignant,0,bcc,2
ISIC_0025187,non_malignant,0,non_malignant,0,non_malignant,0
ISIC_0025208,non_malignant,0,non_malignant,0,non_malignant,0
ISIC_0025245,non_malignant,0,non_malignant,0,non_malignant,0
ISIC_0025278,non_malignant,0,non_malignant,0,non_malignant,0
ISIC_0025287,non_malignant,0,non_malignant,0,non_malignant,0
ISIC_0025316,melanoma,1,non_malignant,0,non_malignant,0
ISIC_0025344,non_malignant,0,non_malignant,0,non_malignant,0
ISIC_0025345,non_malignant,0,non_malignant,0,non_malignant,0
ISIC_0025406,non_malignant,0,non_malignant,0,non_malignant,0
ISIC_0025429,non_malignant,0,non_malignant,0,non_malignant,0
ISIC_0025446,non_malignant,0,non_malignant,0,non_malignant,0
ISIC_0025449,non_malignant,0,non_malignant,0,non_malignant,0
ISIC_0025461,non_malignant,0,non_malignant,0,non_malignant,0
ISIC_0025482,non_malignant,0,non_malignant,0,non_malignant,0
ISIC_0025486,non_malignant,0,non_malignant,0,non_malignant,0
ISIC_0025504,non_malignant,0,non_malignant,0,non_malignant,0
ISIC_0025505,non_malignant,0,non_malignant,0,non_malignant,0
ISIC_0025523,non_malignant,0,non_malignant,0,non_malignant,0
ISIC_0025529,non_malignant,0,non_malignant,0,non_malignant,0
ISIC_0025620,non_malignant,0,non_malignant,0,non_malignant,0
ISIC_0025683,non_malignant,0,non_malignant,0,non_malignant,0
ISIC_0025705,non_malignant,0,non_malignant,0,non_malignant,0
ISIC_0025723,non_malignant,0,non_malignant,0,non_malignant,0
ISIC_0025764,non_malignant,0,non_malignant,0,non_malignant,0
ISIC_0025783,melanoma,1,non_malignant,0,non_malignant,0
ISIC_0025824,bcc,2,bcc,2,bcc,2
ISIC_0025826,bcc,2,non_malignant,0,bcc,2
ISIC_0025854,non_malignant,0,non_malignant,0,non_malignant,0
ISIC_0025875,non_malignant,0,non_malignant,0,non_malignant,0
ISIC_0025902,non_malignant,0,non_malignant,0,non_malignant,0
ISIC_0025933,non_malignant,0,non_malignant,0,non_malignant,0
ISIC_0025970,non_malignant,0,non_malignant,0,non_malignant,0
ISIC_0025989,non_malignant,0,non_malignant,0,non_malignant,0
ISIC_0026008,non_malignant,0,non_malignant,0,non_malignant,0
ISIC_0026070,non_malignant,0,non_malignant,0,non_malignant,0
ISIC_0026083,scc,3,non_malignant,0,non_malignant,0
ISIC_0026129,non_malignant,0,non_malignant,0,non_malignant,0
ISIC_0026180,non_malignant,0,non_malignant,0,non_malignant,0
ISIC_0026192,bcc,2,bcc,2,bcc,2
ISIC_0026209,non_malignant,0,melanoma,1,melanoma,1
ISIC_0026210,non_malignant,0,non_malignant,0,non_malignant,0
ISIC_0026225,non_malignant,0,non_malignant,0,non_malignant,0
ISIC_0026226,non_malignant,0,non_malignant,0,bcc,2
ISIC_0026230,bcc,2,melanoma,1,melanoma,1
ISIC_0026246,non_malignant,0,non_malignant,0,non_malignant,0
ISIC_0026251,non_malignant,0,bcc,2,bcc,2
ISIC_0026269,non_malignant,0,non_malignant,0,non_malignant,0
ISIC_0026270,non_malignant,0,non_malignant,0,non_malignant,0
ISIC_0026284,non_malignant,0,non_malignant,0,non_malignant,0
ISIC_0026327,scc,3,scc,3,scc,3
ISIC_0026330,non_malignant,0,melanoma,1,non_malignant,0
ISIC_0026343,bcc,2,bcc,2,bcc,2
ISIC_0026351,non_malignant,0,non_malignant,0,non_malignant,0
ISIC_0026395,bcc,2,melanoma,1,melanoma,1
ISIC_0026409,non_malignant,0,non_malignant,0,melanoma,1
ISIC_0026438,melanoma,1,melanoma,1,non_malignant,0
ISIC_0026443,non_malignant,0,non_malignant,0,non_malignant,0
ISIC_0026445,non_malignant,0,non_malignant,0,non_malignant,0
ISIC_0026453,bcc,2,bcc,2,bcc,2
ISIC_0026455,non_malignant,0,non_malignant,0,non_malignant,0
ISIC_0026462,non_malignant,0,non_malignant,0,non_malignant,0
ISIC_0026473,non_malignant,0,bcc,2,scc,3
ISIC_0026532,non_malignant,0,non_malignant,0,non_malignant,0
ISIC_0026638,non_malignant,0,non_malignant,0,non_malignant,0
ISIC_0026646,non_malignant,0,non_malignant,0,non_malignant,0
ISIC_0026651,non_malignant,0,non_malignant,0,non_malignant,0
ISIC_0026707,non_malignant,0,non_malignant,0,non_malignant,0
ISIC_0026724,non_malignant,0,non_malignant,0,non_malignant,0
ISIC_0026753,non_malignant,0,non_malignant,0,non_malignant,0
ISIC_0026786,non_malignant,0,non_malignant,0,non_malignant,0
ISIC_0026789,non_malignant,0,bcc,2,bcc,2
ISIC_0026815,non_malignant,0,bcc,2,bcc,2
ISIC_0026858,non_malignant,0,non_malignant,0,non_malignant,0
ISIC_0026871,non_malignant,0,non_malignant,0,non_malignant,0
ISIC_0026875,non_malignant,0,non_malignant,0,non_malignant,0
ISIC_0026886,non_malignant,0,non_malignant,0,non_malignant,0
ISIC_0026900,non_malignant,0,non_malignant,0,non_malignant,0
ISIC_0026976,melanoma,1,non_malignant,0,non_malignant,0
ISIC_0027003,non_malignant,0,melanoma,1,non_malignant,0
ISIC_0027032,non_malignant,0,non_malignant,0,non_malignant,0
ISIC_0027043,melanoma,1,non_malignant,0,non_malignant,0
ISIC_0027044,non_malignant,0,non_malignant,0,non_malignant,0
ISIC_0027067,melanoma,1,non_malignant,0,melanoma,1
ISIC_0027077,non_malignant,0,non_malignant,0,non_malignant,0
ISIC_0027079,non_malignant,0,non_malignant,0,non_malignant,0
ISIC_0027110,non_malignant,0,non_malignant,0,non_malignant,0
ISIC_0027126,melanoma,1,melanoma,1,melanoma,1
ISIC_0027140,non_malignant,0,non_malignant,0,non_malignant,0
ISIC_0027174,melanoma,1,non_malignant,0,non_malignant,0
ISIC_0027176,non_malignant,0,non_malignant,0,non_malignant,0
ISIC_0027212,non_malignant,0,non_malignant,0,non_malignant,0
ISIC_0027238,melanoma,1,melanoma,1,melanoma,1
ISIC_0027259,non_malignant,0,non_malignant,0,non_malignant,0
ISIC_0027263,melanoma,1,scc,3,melanoma,1
ISIC_0027289,non_malignant,0,non_malignant,0,non_malignant,0
ISIC_0027290,non_malignant,0,non_malignant,0,non_malignant,0
ISIC_0027365,bcc,2,non_malignant,0,bcc,2
ISIC_0027390,non_malignant,0,non_malignant,0,non_malignant,0
ISIC_0027408,non_malignant,0,non_malignant,0,melanoma,1
ISIC_0027518,non_malignant,0,non_malignant,0,non_malignant,0
ISIC_0027572,non_malignant,0,non_malignant,0,non_malignant,0
ISIC_0027581,non_malignant,0,non_malignant,0,non_malignant,0
ISIC_0027585,non_malignant,0,non_malignant,0,non_malignant,0
ISIC_0027589,non_malignant,0,non_malignant,0,non_malignant,0
ISIC_0027605,non_malignant,0,non_malignant,0,non_malignant,0
ISIC_0027644,non_malignant,0,non_malignant,0,non_malignant,0
ISIC_0027669,melanoma,1,melanoma,1,non_malignant,0
ISIC_0027684,non_malignant,0,melanoma,1,melanoma,1
ISIC_0027687,non_malignant,0,non_malignant,0,non_malignant,0
ISIC_0027688,non_malignant,0,non_malignant,0,non_malignant,0
ISIC_0027707,non_malignant,0,non_malignant,0,non_malignant,0
ISIC_0027716,non_malignant,0,non_malignant,0,non_malignant,0
ISIC_0027756,non_malignant,0,non_malignant,0,non_malignant,0
ISIC_0027767,scc,3,non_malignant,0,non_malignant,0
ISIC_0027776,melanoma,1,melanoma,1,melanoma,1
ISIC_0027777,non_malignant,0,non_malignant,0,non_malignant,0
ISIC_0027783,non_malignant,0,non_malignant,0,non_malignant,0
ISIC_0027865,bcc,2,bcc,2,bcc,2
ISIC_0027890,non_malignant,0,non_malignant,0,non_malignant,0
ISIC_0027942,non_malignant,0,non_malignant,0,non_malignant,0
ISIC_0028071,non_malignant,0,non_malignant,0,non_malignant,0
ISIC_0028086,melanoma,1,melanoma,1,melanoma,1
ISIC_0028102,non_malignant,0,non_malignant,0,non_malignant,0
ISIC_0028126,melanoma,1,non_malignant,0,non_malignant,0
ISIC_0028157,non_malignant,0,non_malignant,0,non_malignant,0
ISIC_0028174,non_malignant,0,non_malignant,0,non_malignant,0
ISIC_0028252,non_malignant,0,melanoma,1,non_malignant,0
ISIC_0028265,non_malignant,0,non_malignant,0,melanoma,1
ISIC_0028286,non_malignant,0,non_malignant,0,non_malignant,0
ISIC_0028301,non_malignant,0,non_malignant,0,non_malignant,0
ISIC_0028302,non_malignant,0,non_malignant,0,non_malignant,0
ISIC_0028307,non_malignant,0,non_malignant,0,non_malignant,0
ISIC_0028334,non_malignant,0,non_malignant,0,non_malignant,0
ISIC_0028346,non_malignant,0,non_malignant,0,scc,3
ISIC_0028349,non_malignant,0,non_malignant,0,non_malignant,0
ISIC_0028354,non_malignant,0,non_malignant,0,non_malignant,0
ISIC_0028356,non_malignant,0,non_malignant,0,non_malignant,0
ISIC_0028364,non_malignant,0,melanoma,1,melanoma,1
ISIC_0028403,non_malignant,0,non_malignant,0,non_malignant,0
ISIC_0028430,non_malignant,0,non_malignant,0,non_malignant,0
ISIC_0028446,non_malignant,0,non_malignant,0,non_malignant,0
ISIC_0028468,non_malignant,0,non_malignant,0,non_malignant,0
ISIC_0028481,melanoma,1,non_malignant,0,melanoma,1
ISIC_0028506,non_malignant,0,non_malignant,0,non_malignant,0
ISIC_0028539,non_malignant,0,non_malignant,0,non_malignant,0
ISIC_0028574,non_malignant,0,non_malignant,0,non_malignant,0
ISIC_0028578,non_malignant,0,non_malignant,0,non_malignant,0
ISIC_0028591,non_malignant,0,non_malignant,0,non_malignant,0
ISIC_0028605,non_malignant,0,non_malignant,0,non_malignant,0
ISIC_0028613,non_malignant,0,non_malignant,0,non_malignant,0
ISIC_0028621,non_malignant,0,non_malignant,0,non_malignant,0
ISIC_0028629,non_malignant,0,non_malignant,0,non_malignant,0
ISIC_0028640,non_malignant,0,non_malignant,0,non_malignant,0
ISIC_0028645,non_malignant,0,melanoma,1,melanoma,1
ISIC_0028649,non_malignant,0,non_malignant,0,non_malignant,0
ISIC_0028673,non_malignant,0,non_malignant,0,non_malignant,0
ISIC_0028690,non_malignant,0,non_malignant,0,non_malignant,0
ISIC_0028698,non_malignant,0,non_malignant,0,non_malignant,0
ISIC_0028750,non_malignant,0,non_malignant,0,non_malignant,0
ISIC_0028787,non_malignant,0,non_malignant,0,non_malignant,0
ISIC_0028872,scc,3,non_malignant,0,non_malignant,0
ISIC_0028886,non_malignant,0,non_malignant,0,non_malignant,0
ISIC_0028907,non_malignant,0,non_malignant,0,non_malignant,0
ISIC_0028913,non_malignant,0,non_malignant,0,non_malignant,0
ISIC_0028919,non_malignant,0,non_malignant,0,non_malignant,0
ISIC_0028921,non_malignant,0,non_malignant,0,non_malignant,0
ISIC_0028926,non_malignant,0,non_malignant,0,melanoma,1
ISIC_0028945,non_malignant,0,non_malignant,0,non_malignant,0
ISIC_0028951,non_malignant,0,non_malignant,0,non_malignant,0
ISIC_0028956,non_malignant,0,non_malignant,0,non_malignant,0
ISIC_0028992,non_malignant,0,non_malignant,0,melanoma,1
ISIC_0029039,non_malignant,0,non_malignant,0,non_malignant,0
ISIC_0029040,non_malignant,0,non_malignant,0,non_malignant,0
ISIC_0029046,non_malignant,0,non_malignant,0,non_malignant,0
ISIC_0029072,non_malignant,0,non_malignant,0,bcc,2
ISIC_0029104,non_malignant,0,non_malignant,0,non_malignant,0
ISIC_0029149,non_malignant,0,non_malignant,0,non_malignant,0
ISIC_0029155,non_malignant,0,non_malignant,0,non_malignant,0
ISIC_0029159,non_malignant,0,non_malignant,0,non_malignant,0
ISIC_0029172,melanoma,1,melanoma,1,melanoma,1
ISIC_0029173,non_malignant,0,non_malignant,0,non_malignant,0
ISIC_0029192,bcc,2,bcc,2,bcc,2
ISIC_0029195,non_malignant,0,non_malignant,0,non_malignant,0
ISIC_0029205,non_malignant,0,non_malignant,0,non_malignant,0
ISIC_0029240,non_malignant,0,non_malignant,0,non_malignant,0
ISIC_0029242,melanoma,1,scc,3,melanoma,1
ISIC_0029258,non_malignant,0,non_malignant,0,non_malignant,0
ISIC_0029262,non_malignant,0,non_malignant,0,non_malignant,0
ISIC_0029265,melanoma,1,melanoma,1,melanoma,1
ISIC_0029273,non_malignant,0,non_malignant,0,non_malignant,0
ISIC_0029288,non_malignant,0,non_malignant,0,non_malignant,0
ISIC_0029289,non_malignant,0,non_malignant,0,non_malignant,0
ISIC_0029313,non_malignant,0,non_malignant,0,non_malignant,0
ISIC_0029341,bcc,2,melanoma,1,non_malignant,0
ISIC_0029375,non_malignant,0,non_malignant,0,non_malignant,0
ISIC_0029382,non_malignant,0,melanoma,1,melanoma,1
ISIC_0029383,non_malignant,0,non_malignant,0,non_malignant,0
ISIC_0029431,non_malignant,0,non_malignant,0,non_malignant,0
ISIC_0029443,non_malignant,0,non_malignant,0,non_malignant,0
ISIC_0029499,non_malignant,0,non_malignant,0,non_malignant,0
ISIC_0029509,non_malignant,0,non_malignant,0,non_malignant,0
ISIC_0029536,non_malignant,0,non_malignant,0,non_malignant,0
ISIC_0029571,melanoma,1,melanoma,1,melanoma,1
ISIC_0029588,non_malignant,0,non_malignant,0,non_malignant,0
ISIC_0029612,non_malignant,0,non_malignant,0,non_malignant,0
ISIC_0029626,non_malignant,0,non_malignant,0,non_malignant,0
ISIC_0029628,non_malignant,0,non_malignant,0,non_malignant,0
ISIC_0029640,non_malignant,0,non_malignant,0,non_malignant,0
ISIC_0029657,non_malignant,0,non_malignant,0,non_malignant,0
ISIC_0029670,non_malignant,0,non_malignant,0,non_malignant,0
ISIC_0029671,non_malignant,0,non_malignant,0,non_malignant,0
ISIC_0029719,non_malignant,0,non_malignant,0,melanoma,1
ISIC_0029724,non_malignant,0,non_malignant,0,non_malignant,0
ISIC_0029753,non_malignant,0,non_malignant,0,non_malignant,0
ISIC_0029756,non_malignant,0,non_malignant,0,non_malignant,0
ISIC_0029798,non_malignant,0,non_malignant,0,non_malignant,0
ISIC_0029805,bcc,2,bcc,2,bcc,2
ISIC_0029838,non_malignant,0,non_malignant,0,non_malignant,0
ISIC_0029865,non_malignant,0,non_malignant,0,non_malignant,0
ISIC_0029869,non_malignant,0,non_malignant,0,non_malignant,0
ISIC_0029881,non_malignant,0,non_malignant,0,non_malignant,0
ISIC_0029901,non_malignant,0,non_malignant,0,non_malignant,0
ISIC_0029912,non_malignant,0,non_malignant,0,non_malignant,0
ISIC_0029948,non_malignant,0,non_malignant,0,non_malignant,0
ISIC_0029966,non_malignant,0,non_malignant,0,non_malignant,0
ISIC_0029977,non_malignant,0,non_malignant,0,non_malignant,0
ISIC_0029991,non_malignant,0,scc,3,scc,3
ISIC_0030005,non_malignant,0,melanoma,1,melanoma,1
ISIC_0030059,non_malignant,0,non_malignant,0,non_malignant,0
ISIC_0030061,non_malignant,0,non_malignant,0,melanoma,1
ISIC_0030077,non_malignant,0,non_malignant,0,non_malignant,0
ISIC_0030082,non_malignant,0,melanoma,1,melanoma,1
ISIC_0030093,non_malignant,0,melanoma,1,melanoma,1
ISIC_0030116,non_malignant,0,non_malignant,0,non_malignant,0
ISIC_0030124,non_malignant,0,non_malignant,0,non_malignant,0
ISIC_0030189,non_malignant,0,non_malignant,0,non_malignant,0
ISIC_0030193,non_malignant,0,non_malignant,0,non_malignant,0
ISIC_0030198,non_malignant,0,non_malignant,0,non_malignant,0
ISIC_0030204,non_malignant,0,non_malignant,0,non_malignant,0
ISIC_0030283,non_malignant,0,non_malignant,0,non_malignant,0
ISIC_0030311,non_malignant,0,non_malignant,0,non_malignant,0
ISIC_0030332,non_malignant,0,non_malignant,0,non_malignant,0
ISIC_0030338,non_malignant,0,non_malignant,0,non_malignant,0
ISIC_0030348,non_malignant,0,non_malignant,0,non_malignant,0
ISIC_0030368,non_malignant,0,non_malignant,0,non_malignant,0
ISIC_0030400,non_malignant,0,non_malignant,0,non_malignant,0
ISIC_0030401,non_malignant,0,non_malignant,0,non_malignant,0
ISIC_0030420,non_malignant,0,non_malignant,0,non_malignant,0
ISIC_0030460,non_malignant,0,non_malignant,0,non_malignant,0
ISIC_0030476,non_malignant,0,non_malignant,0,non_malignant,0
ISIC_0030483,non_malignant,0,non_malignant,0,non_malignant,0
ISIC_0030492,non_malignant,0,non_malignant,0,non_malignant,0
ISIC_0030505,non_malignant,0,non_malignant,0,non_malignant,0
ISIC_0030508,non_malignant,0,non_malignant,0,non_malignant,0
ISIC_0030520,non_malignant,0,non_malignant,0,non_malignant,0
ISIC_0030536,non_malignant,0,non_malignant,0,non_malignant,0
ISIC_0030590,non_malignant,0,non_malignant,0,non_malignant,0
ISIC_0030592,non_malignant,0,melanoma,1,non_malignant,0
ISIC_0030621,non_malignant,0,non_malignant,0,non_malignant,0
ISIC_0030644,bcc,2,bcc,2,bcc,2
ISIC_0030654,non_malignant,0,non_malignant,0,non_malignant,0
ISIC_0030660,non_malignant,0,non_malignant,0,non_malignant,0
ISIC_0030675,non_malignant,0,non_malignant,0,non_malignant,0
ISIC_0030684,non_malignant,0,non_malignant,0,non_malignant,0
ISIC_0030704,non_malignant,0,non_malignant,0,non_malignant,0
ISIC_0030736,non_malignant,0,non_malignant,0,non_malignant,0
ISIC_0030738,non_malignant,0,non_malignant,0,non_malignant,0
ISIC_0030779,non_malignant,0,non_malignant,0,non_malignant,0
ISIC_0030807,non_malignant,0,non_malignant,0,non_malignant,0
ISIC_0030811,non_malignant,0,non_malignant,0,non_malignant,0
ISIC_0030866,non_malignant,0,non_malignant,0,non_malignant,0
ISIC_0030926,non_malignant,0,non_malignant,0,melanoma,1
ISIC_0030960,non_malignant,0,non_malignant,0,non_malignant,0
ISIC_0030992,non_malignant,0,non_malignant,0,non_malignant,0
ISIC_0031008,non_malignant,0,non_malignant,0,non_malignant,0
ISIC_0031023,melanoma,1,melanoma,1,melanoma,1
ISIC_0031115,non_malignant,0,melanoma,1,melanoma,1
ISIC_0031134,non_malignant,0,non_malignant,0,non_malignant,0
ISIC_0031145,non_malignant,0,non_malignant,0,non_malignant,0
ISIC_0031181,non_malignant,0,non_malignant,0,non_malignant,0
ISIC_0031186,melanoma,1,melanoma,1,melanoma,1
ISIC_0031191,scc,3,melanoma,1,non_malignant,0
ISIC_0031195,non_malignant,0,non_malignant,0,non_malignant,0
ISIC_0031322,non_malignant,0,non_malignant,0,non_malignant,0
ISIC_0031328,non_malignant,0,non_malignant,0,non_malignant,0
ISIC_0031344,non_malignant,0,bcc,2,scc,3
ISIC_0031357,non_malignant,0,non_malignant,0,non_malignant,0
ISIC_0031367,non_malignant,0,non_malignant,0,non_malignant,0
ISIC_0031386,melanoma,1,non_malignant,0,non_malignant,0
ISIC_0031400,bcc,2,bcc,2,bcc,2
ISIC_0031426,non_malignant,0,non_malignant,0,non_malignant,0
ISIC_0031436,non_malignant,0,non_malignant,0,non_malignant,0
ISIC_0031445,non_malignant,0,non_malignant,0,non_malignant,0
ISIC_0031468,non_malignant,0,non_malignant,0,non_malignant,0
ISIC_0031476,non_malignant,0,non_malignant,0,non_malignant,0
ISIC_0031489,bcc,2,non_malignant,0,bcc,2
ISIC_0031491,non_malignant,0,non_malignant,0,non_malignant,0
ISIC_0031529,melanoma,1,non_malignant,0,non_malignant,0
ISIC_0031567,non_malignant,0,melanoma,1,non_malignant,0
ISIC_0031621,non_malignant,0,non_malignant,0,non_malignant,0
ISIC_0031639,non_malignant,0,non_malignant,0,non_malignant,0
ISIC_0031654,non_malignant,0,non_malignant,0,non_malignant,0
ISIC_0031657,non_malignant,0,non_malignant,0,non_malignant,0
ISIC_0031695,non_malignant,0,non_malignant,0,non_malignant,0
ISIC_0031739,non_malignant,0,non_malignant,0,non_malignant,0
ISIC_0031742,non_malignant,0,non_malignant,0,melanoma,1
ISIC_0031784,melanoma,1,non_malignant,0,non_malignant,0
ISIC_0031795,melanoma,1,melanoma,1,non_malignant,0
ISIC_0031811,non_malignant,0,non_malignant,0,non_malignant,0
ISIC_0031822,non_malignant,0,non_malignant,0,non_malignant,0
ISIC_0031839,non_malignant,0,non_malignant,0,non_malignant,0
ISIC_0031850,non_malignant,0,non_malignant,0,non_malignant,0
ISIC_0031856,non_malignant,0,non_malignant,0,non_malignant,0
ISIC_0031857,non_malignant,0,scc,3,non_malignant,0
ISIC_0031889,non_malignant,0,non_malignant,0,non_malignant,0
ISIC_0031912,non_malignant,0,non_malignant,0,non_malignant,0
ISIC_0031919,non_malignant,0,non_malignant,0,non_malignant,0
ISIC_0031943,bcc,2,bcc,2,bcc,2
ISIC_0031947,non_malignant,0,non_malignant,0,non_malignant,0
ISIC_0031962,non_malignant,0,non_malignant,0,non_malignant,0
ISIC_0032009,non_malignant,0,non_malignant,0,non_malignant,0
ISIC_0032011,non_malignant,0,non_malignant,0,non_malignant,0
ISIC_0032042,non_malignant,0,non_malignant,0,non_malignant,0
ISIC_0032068,non_malignant,0,non_malignant,0,non_malignant,0
ISIC_0032096,non_malignant,0,non_malignant,0,non_malignant,0
ISIC_0032103,non_malignant,0,bcc,2,melanoma,1
ISIC_0032114,non_malignant,0,non_malignant,0,non_malignant,0
ISIC_0032125,non_malignant,0,non_malignant,0,bcc,2
ISIC_0032142,non_malignant,0,non_malignant,0,non_malignant,0
ISIC_0032148,non_malignant,0,non_malignant,0,non_malignant,0
ISIC_0032159,non_malignant,0,non_malignant,0,melanoma,1
ISIC_0032160,non_malignant,0,non_malignant,0,non_malignant,0
ISIC_0032183,non_malignant,0,non_malignant,0,non_malignant,0
ISIC_0032193,non_malignant,0,non_malignant,0,non_malignant,0
ISIC_0032235,non_malignant,0,non_malignant,0,non_malignant,0
ISIC_0032259,non_malignant,0,non_malignant,0,non_malignant,0
ISIC_0032276,non_malignant,0,non_malignant,0,non_malignant,0
ISIC_0032283,non_malignant,0,non_malignant,0,non_malignant,0
ISIC_0032303,non_malignant,0,non_malignant,0,non_malignant,0
ISIC_0032304,non_malignant,0,non_malignant,0,non_malignant,0
ISIC_0032312,non_malignant,0,non_malignant,0,non_malignant,0
ISIC_0032337,non_malignant,0,non_malignant,0,non_malignant,0
ISIC_0032341,non_malignant,0,non_malignant,0,non_malignant,0
ISIC_0032342,non_malignant,0,non_malignant,0,melanoma,1
ISIC_0032428,non_malignant,0,non_malignant,0,non_malignant,0
ISIC_0032493,non_malignant,0,non_malignant,0,non_malignant,0
ISIC_0032500,non_malignant,0,non_malignant,0,non_malignant,0
ISIC_0032518,non_malignant,0,non_malignant,0,non_malignant,0
ISIC_0032520,non_malignant,0,non_malignant,0,non_malignant,0
ISIC_0032521,non_malignant,0,non_malignant,0,non_malignant,0
ISIC_0032523,non_malignant,0,non_malignant,0,non_malignant,0
ISIC_0032540,non_malignant,0,non_malignant,0,non_malignant,0
ISIC_0032551,non_malignant,0,non_malignant,0,non_malignant,0
ISIC_0032553,non_malignant,0,melanoma,1,melanoma,1
ISIC_0032558,non_malignant,0,non_malignant,0,melanoma,1
ISIC_0032565,non_malignant,0,non_malignant,0,melanoma,1
ISIC_0032573,non_malignant,0,non_malignant,0,non_malignant,0
ISIC_0032585,non_malignant,0,non_malignant,0,non_malignant,0
ISIC_0032586,melanoma,1,melanoma,1,melanoma,1
ISIC_0032599,non_malignant,0,non_malignant,0,melanoma,1
ISIC_0032600,non_malignant,0,non_malignant,0,non_malignant,0
ISIC_0032614,non_malignant,0,non_malignant,0,non_malignant,0
ISIC_0032620,non_malignant,0,non_malignant,0,non_malignant,0
ISIC_0032625,non_malignant,0,non_malignant,0,non_malignant,0
ISIC_0032648,non_malignant,0,non_malignant,0,non_malignant,0
ISIC_0032653,melanoma,1,non_malignant,0,non_malignant,0
ISIC_0032663,non_malignant,0,non_malignant,0,non_malignant,0
ISIC_0032667,non_malignant,0,non_malignant,0,melanoma,1
ISIC_0032668,non_malignant,0,non_malignant,0,non_malignant,0
ISIC_0032674,non_malignant,0,non_malignant,0,non_malignant,0
ISIC_0032691,non_malignant,0,non_malignant,0,non_malignant,0
ISIC_0032696,bcc,2,bcc,2,bcc,2
ISIC_0032698,melanoma,1,melanoma,1,melanoma,1
ISIC_0032700,non_malignant,0,non_malignant,0,non_malignant,0
ISIC_0032703,non_malignant,0,non_malignant,0,non_malignant,0
ISIC_0032707,non_malignant,0,non_malignant,0,non_malignant,0
ISIC_0032711,non_malignant,0,non_malignant,0,non_malignant,0
ISIC_0032713,non_malignant,0,non_malignant,0,non_malignant,0
ISIC_0032720,non_malignant,0,non_malignant,0,melanoma,1
ISIC_0032728,non_malignant,0,non_malignant,0,non_malignant,0
ISIC_0032731,non_malignant,0,non_malignant,0,non_malignant,0
ISIC_0032742,non_malignant,0,non_malignant,0,non_malignant,0
ISIC_0032753,non_malignant,0,non_malignant,0,non_malignant,0
ISIC_0032772,non_malignant,0,non_malignant,0,non_malignant,0
ISIC_0032780,non_malignant,0,melanoma,1,melanoma,1
ISIC_0032783,non_malignant,0,non_malignant,0,non_malignant,0
ISIC_0032791,non_malignant,0,non_malignant,0,non_malignant,0
ISIC_0032802,non_malignant,0,non_malignant,0,non_malignant,0
ISIC_0032805,non_malignant,0,non_malignant,0,non_malignant,0
ISIC_0032808,bcc,2,bcc,2,bcc,2
ISIC_0032821,non_malignant,0,non_malignant,0,non_malignant,0
ISIC_0032826,non_malignant,0,non_malignant,0,non_malignant,0
ISIC_0032829,non_malignant,0,non_malignant,0,non_malignant,0
ISIC_0032832,non_malignant,0,non_malignant,0,non_malignant,0
ISIC_0032846,non_malignant,0,non_malignant,0,non_malignant,0
ISIC_0032853,non_malignant,0,scc,3,melanoma,1
ISIC_0032861,non_malignant,0,non_malignant,0,non_malignant,0
ISIC_0032866,non_malignant,0,non_malignant,0,non_malignant,0
ISIC_0032880,non_malignant,0,non_malignant,0,non_malignant,0
ISIC_0032891,non_malignant,0,non_malignant,0,non_malignant,0
ISIC_0032899,non_malignant,0,non_malignant,0,non_malignant,0
ISIC_0032901,non_malignant,0,non_malignant,0,melanoma,1
ISIC_0032919,non_malignant,0,non_malignant,0,non_malignant,0
ISIC_0032926,non_malignant,0,non_malignant,0,non_malignant,0
ISIC_0032961,non_malignant,0,non_malignant,0,melanoma,1
ISIC_0032968,melanoma,1,melanoma,1,melanoma,1
ISIC_0032982,melanoma,1,non_malignant,0,non_malignant,0
ISIC_0032989,non_malignant,0,melanoma,1,melanoma,1
ISIC_0032998,non_malignant,0,non_malignant,0,non_malignant,0
ISIC_0033006,non_malignant,0,non_malignant,0,non_malignant,0
ISIC_0033016,non_malignant,0,melanoma,1,melanoma,1
ISIC_0033044,non_malignant,0,melanoma,1,melanoma,1
ISIC_0033049,non_malignant,0,non_malignant,0,non_malignant,0
ISIC_0033070,non_malignant,0,melanoma,1,melanoma,1
ISIC_0033086,non_malignant,0,melanoma,1,melanoma,1
ISIC_0033096,non_malignant,0,non_malignant,0,non_malignant,0
ISIC_0033115,non_malignant,0,non_malignant,0,non_malignant,0
ISIC_0033128,non_malignant,0,non_malignant,0,non_malignant,0
ISIC_0033138,non_malignant,0,non_malignant,0,melanoma,1
ISIC_0033142,non_malignant,0,non_malignant,0,non_malignant,0
ISIC_0033145,non_malignant,0,non_malignant,0,non_malignant,0
ISIC_0033150,non_malignant,0,non_malignant,0,non_malignant,0
ISIC_0033159,non_malignant,0,non_malignant,0,non_malignant,0
ISIC_0033168,non_malignant,0,non_malignant,0,non_malignant,0
ISIC_0033177,non_malignant,0,non_malignant,0,melanoma,1
ISIC_0033195,non_malignant,0,non_malignant,0,non_malignant,0
ISIC_0033196,melanoma,1,non_malignant,0,non_malignant,0
ISIC_0033207,non_malignant,0,non_malignant,0,melanoma,1
ISIC_0033211,non_malignant,0,non_malignant,0,non_malignant,0
ISIC_0033214,non_malignant,0,non_malignant,0,non_malignant,0
ISIC_0033229,non_malignant,0,non_malignant,0,non_malignant,0
ISIC_0033243,non_malignant,0,non_malignant,0,non_malignant,0
ISIC_0033248,bcc,2,bcc,2,bcc,2
ISIC_0033255,non_malignant,0,non_malignant,0,non_malignant,0
ISIC_0033259,non_malignant,0,non_malignant,0,non_malignant,0
ISIC_0033286,melanoma,1,melanoma,1,melanoma,1
ISIC_0033298,non_malignant,0,non_malignant,0,non_malignant,0
ISIC_0033307,non_malignant,0,melanoma,1,melanoma,1
ISIC_0033311,non_malignant,0,non_malignant,0,bcc,2
ISIC_0033332,non_malignant,0,non_malignant,0,non_malignant,0
ISIC_0033347,non_malignant,0,non_malignant,0,non_malignant,0
ISIC_0033349,non_malignant,0,non_malignant,0,non_malignant,0
ISIC_0033367,non_malignant,0,non_malignant,0,non_malignant,0
ISIC_0033375,non_malignant,0,non_malignant,0,non_malignant,0
ISIC_0033403,non_malignant,0,non_malignant,0,non_malignant,0
ISIC_0033419,non_malignant,0,non_malignant,0,non_malignant,0
ISIC_0033427,non_malignant,0,non_malignant,0,non_malignant,0
ISIC_0033437,non_malignant,0,non_malignant,0,melanoma,1
ISIC_0033451,non_malignant,0,non_malignant,0,non_malignant,0
ISIC_0033472,non_malignant,0,non_malignant,0,melanoma,1
ISIC_0033498,melanoma,1,melanoma,1,non_malignant,0
ISIC_0033532,non_malignant,0,non_malignant,0,non_malignant,0
ISIC_0033544,non_malignant,0,non_malignant,0,non_malignant,0
ISIC_0033548,non_malignant,0,melanoma,1,non_malignant,0
ISIC_0033552,non_malignant,0,non_malignant,0,non_malignant,0
ISIC_0033557,non_malignant,0,non_malignant,0,non_malignant,0
ISIC_0033598,non_malignant,0,non_malignant,0,non_malignant,0
ISIC_0033601,non_malignant,0,non_malignant,0,non_malignant,0
ISIC_0033605,non_malignant,0,non_malignant,0,non_malignant,0
ISIC_0033617,non_malignant,0,non_malignant,0,non_malignant,0
ISIC_0033618,non_malignant,0,melanoma,1,melanoma,1
ISIC_0033625,non_malignant,0,non_malignant,0,non_malignant,0
ISIC_0033633,non_malignant,0,non_malignant,0,non_malignant,0
ISIC_0033640,non_malignant,0,non_malignant,0,non_malignant,0
ISIC_0033657,non_malignant,0,non_malignant,0,non_malignant,0
ISIC_0033669,non_malignant,0,non_malignant,0,non_malignant,0
ISIC_0033672,non_malignant,0,non_malignant,0,non_malignant,0
ISIC_0033680,non_malignant,0,non_malignant,0,non_malignant,0
ISIC_0033688,non_malignant,0,non_malignant,0,non_malignant,0
ISIC_0033698,non_malignant,0,non_malignant,0,non_malignant,0
ISIC_0033702,non_malignant,0,non_malignant,0,non_malignant,0
ISIC_0033755,non_malignant,0,non_malignant,0,non_malignant,0
ISIC_0033764,non_malignant,0,melanoma,1,non_malignant,0
ISIC_0033767,non_malignant,0,non_malignant,0,non_malignant,0
ISIC_0033784,non_malignant,0,melanoma,1,melanoma,1
ISIC_0033789,non_malignant,0,non_malignant,0,non_malignant,0
ISIC_0033792,non_malignant,0,non_malignant,0,non_malignant,0
ISIC_0033799,non_malignant,0,non_malignant,0,non_malignant,0
ISIC_0033816,non_malignant,0,non_malignant,0,non_malignant,0
ISIC_0033825,non_malignant,0,non_malignant,0,non_malignant,0
ISIC_0033826,non_malignant,0,non_malignant,0,non_malignant,0
ISIC_0033829,non_malignant,0,non_malignant,0,melanoma,1
ISIC_0033849,non_malignant,0,non_malignant,0,non_malignant,0
ISIC_0033857,non_malignant,0,non_malignant,0,melanoma,1
ISIC_0033889,non_malignant,0,non_malignant,0,non_malignant,0
ISIC_0033903,non_malignant,0,non_malignant,0,non_malignant,0
ISIC_0033906,non_malignant,0,non_malignant,0,non_malignant,0
ISIC_0033917,non_malignant,0,non_malignant,0,non_malignant,0
ISIC_0033919,non_malignant,0,non_malignant,0,non_malignant,0
ISIC_0033926,non_malignant,0,non_malignant,0,non_malignant,0
ISIC_0033927,non_malignant,0,non_malignant,0,non_malignant,0
ISIC_0033929,non_malignant,0,non_malignant,0,melanoma,1
ISIC_0033934,non_malignant,0,melanoma,1,non_malignant,0
ISIC_0033936,non_malignant,0,non_malignant,0,melanoma,1
ISIC_0033948,non_malignant,0,non_malignant,0,non_malignant,0
ISIC_0033958,non_malignant,0,non_malignant,0,non_malignant,0
ISIC_0033960,non_malignant,0,non_malignant,0,non_malignant,0
ISIC_0033961,non_malignant,0,non_malignant,0,non_malignant,0
ISIC_0033972,non_malignant,0,melanoma,1,non_malignant,0
ISIC_0033993,non_malignant,0,non_malignant,0,non_malignant,0
ISIC_0034007,non_malignant,0,non_malignant,0,melanoma,1
ISIC_0034021,non_malignant,0,non_malignant,0,non_malignant,0
ISIC_0034038,non_malignant,0,non_malignant,0,melanoma,1
ISIC_0034041,non_malignant,0,non_malignant,0,non_malignant,0
ISIC_0034043,non_malignant,0,non_malignant,0,non_malignant,0
ISIC_0034072,non_malignant,0,bcc,2,bcc,2
ISIC_0034080,non_malignant,0,non_malignant,0,non_malignant,0
ISIC_0034105,non_malignant,0,non_malignant,0,non_malignant,0
ISIC_0034112,non_malignant,0,non_malignant,0,non_malignant,0
ISIC_0034115,non_malignant,0,non_malignant,0,non_malignant,0
ISIC_0034121,non_malignant,0,non_malignant,0,non_malignant,0
ISIC_0034131,non_malignant,0,non_malignant,0,melanoma,1
ISIC_0034139,non_malignant,0,non_malignant,0,non_malignant,0
ISIC_0034148,non_malignant,0,non_malignant,0,melanoma,1
ISIC_0034157,non_malignant,0,non_malignant,0,non_malignant,0
ISIC_0034177,non_malignant,0,non_malignant,0,non_malignant,0
ISIC_0034199,non_malignant,0,non_malignant,0,non_malignant,0
ISIC_0034203,non_malignant,0,non_malignant,0,bcc,2
ISIC_0034210,non_malignant,0,non_malignant,0,non_malignant,0
ISIC_0034232,non_malignant,0,non_malignant,0,non_malignant,0
ISIC_0034235,non_malignant,0,non_malignant,0,non_malignant,0
ISIC_0034240,non_malignant,0,non_malignant,0,non_malignant,0
ISIC_0034241,non_malignant,0,non_malignant,0,melanoma,1
ISIC_0034252,non_malignant,0,non_malignant,0,melanoma,1
ISIC_0034273,non_malignant,0,non_malignant,0,non_malignant,0
ISIC_0034295,non_malignant,0,non_malignant,0,melanoma,1
ISIC_0034299,bcc,2,bcc,2,bcc,2
ISIC_0034310,non_malignant,0,non_malignant,0,non_malignant,0
ISIC_0034311,non_malignant,0,non_malignant,0,non_malignant,0
ISIC_0053454,melanoma,1,melanoma,1,melanoma,1
ISIC_0053467,non_malignant,0,non_malignant,0,melanoma,1
ISIC_0053469,melanoma,1,non_malignant,0,melanoma,1
ISIC_0053473,melanoma,1,bcc,2,melanoma,1
ISIC_0053475,scc,3,bcc,2,bcc,2
ISIC_0053482,non_malignant,0,non_malignant,0,non_malignant,0
ISIC_0053484,non_malignant,0,non_malignant,0,non_malignant,0
ISIC_0053487,bcc,2,bcc,2,bcc,2
ISIC_0053492,melanoma,1,melanoma,1,non_malignant,0
ISIC_0053501,bcc,2,bcc,2,bcc,2
ISIC_0053504,bcc,2,melanoma,1,melanoma,1
ISIC_0053505,non_malignant,0,non_malignant,0,non_malignant,0
ISIC_0053507,melanoma,1,non_malignant,0,non_malignant,0
ISIC_0053509,melanoma,1,non_malignant,0,non_malignant,0
ISIC_0053519,non_malignant,0,non_malignant,0,non_malignant,0
ISIC_0053521,non_malignant,0,non_malignant,0,bcc,2
ISIC_0053524,bcc,2,melanoma,1,scc,3
ISIC_0053529,non_malignant,0,non_malignant,0,non_malignant,0
ISIC_0053532,non_malignant,0,non_malignant,0,non_malignant,0
ISIC_0053546,bcc,2,scc,3,bcc,2
ISIC_0053551,non_malignant,0,non_malignant,0,non_malignant,0
ISIC_0053554,non_malignant,0,bcc,2,bcc,2
ISIC_0053558,bcc,2,bcc,2,bcc,2
ISIC_0053570,melanoma,1,melanoma,1,melanoma,1
ISIC_0053584,non_malignant,0,melanoma,1,non_malignant,0
ISIC_0053594,melanoma,1,melanoma,1,melanoma,1
ISIC_0053602,scc,3,melanoma,1,melanoma,1
ISIC_0053620,melanoma,1,melanoma,1,melanoma,1
ISIC_0053627,non_malignant,0,non_malignant,0,melanoma,1
ISIC_0053629,non_malignant,0,non_malignant,0,non_malignant,0
ISIC_0053631,bcc,2,bcc,2,bcc,2
ISIC_0053642,non_malignant,0,non_malignant,0,non_malignant,0
ISIC_0053645,non_malignant,0,melanoma,1,non_malignant,0
ISIC_0053655,non_malignant,0,non_malignant,0,non_malignant,0
ISIC_0053659,melanoma,1,non_malignant,0,bcc,2
ISIC_0053660,melanoma,1,non_malignant,0,non_malignant,0
ISIC_0053671,melanoma,1,non_malignant,0,non_malignant,0
ISIC_0053672,bcc,2,bcc,2,bcc,2
ISIC_0053674,melanoma,1,non_malignant,0,melanoma,1
ISIC_0053675,non_malignant,0,non_malignant,0,non_malignant,0
ISIC_0053685,scc,3,bcc,2,bcc,2
ISIC_0053686,melanoma,1,non_malignant,0,non_malignant,0
ISIC_0053694,non_malignant,0,non_malignant,0,non_malignant,0
ISIC_0053695,bcc,2,bcc,2,bcc,2
ISIC_0053697,non_malignant,0,melanoma,1,non_malignant,0
ISIC_0053698,melanoma,1,melanoma,1,melanoma,1
ISIC_0053699,melanoma,1,melanoma,1,melanoma,1
ISIC_0053700,melanoma,1,non_malignant,0,non_malignant,0
ISIC_0053702,melanoma,1,melanoma,1,melanoma,1
ISIC_0053713,non_malignant,0,non_malignant,0,non_malignant,0
ISIC_0053714,bcc,2,melanoma,1,melanoma,1
ISIC_0053718,non_malignant,0,non_malignant,0,non_malignant,0
ISIC_0053720,non_malignant,0,non_malignant,0,non_malignant,0
ISIC_0053725,melanoma,1,non_malignant,0,non_malignant,0
ISIC_0053729,non_malignant,0,non_malignant,0,non_malignant,0
ISIC_0053739,non_malignant,0,non_malignant,0,non_malignant,0
ISIC_0053752,non_malignant,0,non_malignant,0,bcc,2
ISIC_0053756,non_malignant,0,non_malignant,0,non_malignant,0
ISIC_0053757,bcc,2,non_malignant,0,bcc,2
ISIC_0053759,non_malignant,0,non_malignant,0,non_malignant,0
ISIC_0053763,melanoma,1,non_malignant,0,non_malignant,0
ISIC_0053786,non_malignant,0,non_malignant,0,non_malignant,0
ISIC_0053797,non_malignant,0,non_malignant,0,non_malignant,0
ISIC_0053807,non_malignant,0,non_malignant,0,non_malignant,0
ISIC_0053811,non_malignant,0,non_malignant,0,non_malignant,0
ISIC_0053812,melanoma,1,melanoma,1,melanoma,1
ISIC_0053828,melanoma,1,non_malignant,0,melanoma,1
ISIC_0053833,non_malignant,0,non_malignant,0,non_malignant,0
ISIC_0053842,non_malignant,0,non_malignant,0,non_malignant,0
ISIC_0053846,melanoma,1,non_malignant,0,melanoma,1
ISIC_0053851,non_malignant,0,non_malignant,0,non_malignant,0
ISIC_0053857,non_malignant,0,bcc,2,non_malignant,0
ISIC_0053865,non_malignant,0,non_malignant,0,non_malignant,0
ISIC_0053871,non_malignant,0,non_malignant,0,non_malignant,0
ISIC_0053874,non_malignant,0,non_malignant,0,non_malignant,0
ISIC_0053876,bcc,2,non_malignant,0,bcc,2
ISIC_0053880,non_malignant,0,melanoma,1,non_malignant,0
ISIC_0053884,melanoma,1,melanoma,1,melanoma,1
ISIC_0053896,non_malignant,0,melanoma,1,non_malignant,0
ISIC_0053918,non_malignant,0,melanoma,1,melanoma,1
ISIC_0053922,non_malignant,0,melanoma,1,non_malignant,0
ISIC_0053929,non_malignant,0,non_malignant,0,non_malignant,0
ISIC_0053933,melanoma,1,melanoma,1,melanoma,1
ISIC_0053936,non_malignant,0,non_malignant,0,non_malignant,0
ISIC_0053948,non_malignant,0,melanoma,1,melanoma,1
ISIC_0053953,melanoma,1,melanoma,1,melanoma,1
ISIC_0053959,non_malignant,0,non_malignant,0,non_malignant,0
ISIC_0053968,non_malignant,0,bcc,2,bcc,2
ISIC_0053975,non_malignant,0,non_malignant,0,melanoma,1
ISIC_0053980,melanoma,1,scc,3,non_malignant,0
ISIC_0053992,non_malignant,0,non_malignant,0,non_malignant,0
ISIC_0054019,non_malignant,0,non_malignant,0,non_malignant,0
ISIC_0054021,melanoma,1,melanoma,1,melanoma,1
ISIC_0054044,non_malignant,0,non_malignant,0,non_malignant,0
ISIC_0054065,bcc,2,bcc,2,bcc,2
ISIC_0054066,non_malignant,0,non_malignant,0,non_malignant,0
ISIC_0054126,non_malignant,0,non_malignant,0,non_malignant,0
ISIC_0054134,non_malignant,0,non_malignant,0,non_malignant,0
ISIC_0054151,melanoma,1,bcc,2,melanoma,1
ISIC_0054162,non_malignant,0,non_malignant,0,non_malignant,0
ISIC_0054167,melanoma,1,melanoma,1,melanoma,1
ISIC_0054169,bcc,2,bcc,2,bcc,2
ISIC_0054171,bcc,2,bcc,2,bcc,2
ISIC_0054174,scc,3,melanoma,1,scc,3
ISIC_0054176,non_malignant,0,bcc,2,bcc,2
ISIC_0054185,melanoma,1,melanoma,1,melanoma,1
ISIC_0054192,non_malignant,0,melanoma,1,melanoma,1
ISIC_0054193,melanoma,1,melanoma,1,non_malignant,0
ISIC_0054194,melanoma,1,melanoma,1,melanoma,1
ISIC_0054198,melanoma,1,non_malignant,0,melanoma,1
ISIC_0054207,non_malignant,0,non_malignant,0,non_malignant,0
ISIC_0054219,non_malignant,0,non_malignant,0,non_malignant,0
ISIC_0054221,non_malignant,0,non_malignant,0,non_malignant,0
ISIC_0054234,non_malignant,0,melanoma,1,melanoma,1
ISIC_0054247,non_malignant,0,non_malignant,0,non_malignant,0
ISIC_0054256,non_malignant,0,non_malignant,0,non_malignant,0
ISIC_0054257,non_malignant,0,non_malignant,0,non_malignant,0
ISIC_0054273,non_malignant,0,non_malignant,0,non_malignant,0
ISIC_0054279,bcc,2,bcc,2,bcc,2
ISIC_0054284,melanoma,1,non_malignant,0,non_malignant,0
ISIC_0054288,melanoma,1,melanoma,1,melanoma,1
ISIC_0054297,non_malignant,0,non_malignant,0,non_malignant,0
ISIC_0054306,bcc,2,bcc,2,bcc,2
ISIC_0054347,bcc,2,bcc,2,bcc,2
ISIC_0054348,non_malignant,0,melanoma,1,non_malignant,0
ISIC_0054353,bcc,2,bcc,2,bcc,2
ISIC_0054355,melanoma,1,melanoma,1,bcc,2
ISIC_0054357,non_malignant,0,non_malignant,0,non_malignant,0
ISIC_0054365,bcc,2,bcc,2,bcc,2
ISIC_0054378,scc,3,bcc,2,bcc,2
ISIC_0054391,melanoma,1,non_malignant,0,non_malignant,0
ISIC_0054392,non_malignant,0,non_malignant,0,non_malignant,0
ISIC_0054406,non_malignant,0,non_malignant,0,non_malignant,0
ISIC_0054409,melanoma,1,melanoma,1,melanoma,1
ISIC_0054421,non_malignant,0,non_malignant,0,non_malignant,0
ISIC_0054422,non_malignant,0,non_malignant,0,non_malignant,0
ISIC_0054423,non_malignant,0,non_malignant,0,non_malignant,0
ISIC_0054427,melanoma,1,melanoma,1,melanoma,1
ISIC_0054439,bcc,2,scc,3,bcc,2
ISIC_0054461,non_malignant,0,melanoma,1,melanoma,1
ISIC_0054463,non_malignant,0,scc,3,bcc,2
ISIC_0054464,melanoma,1,melanoma,1,melanoma,1
ISIC_0054465,melanoma,1,melanoma,1,bcc,2
ISIC_0054467,bcc,2,non_malignant,0,bcc,2
ISIC_0054494,non_malignant,0,non_malignant,0,non_malignant,0
ISIC_0054499,non_malignant,0,non_malignant,0,non_malignant,0
ISIC_0054508,non_malignant,0,non_malignant,0,non_malignant,0
ISIC_0054509,non_malignant,0,melanoma,1,non_malignant,0
ISIC_0054510,non_malignant,0,non_malignant,0,non_malignant,0
ISIC_0054545,non_malignant,0,non_malignant,0,non_malignant,0
ISIC_0054546,non_malignant,0,scc,3,scc,3
ISIC_0054562,non_malignant,0,non_malignant,0,melanoma,1
ISIC_0054596,non_malignant,0,non_malignant,0,non_malignant,0
ISIC_0054599,melanoma,1,melanoma,1,melanoma,1
ISIC_0054600,non_malignant,0,non_malignant,0,non_malignant,0
ISIC_0054607,bcc,2,bcc,2,bcc,2
ISIC_0054622,non_malignant,0,non_malignant,0,non_malignant,0
ISIC_0054632,non_malignant,0,non_malignant,0,non_malignant,0
ISIC_0054639,non_malignant,0,non_malignant,0,non_malignant,0
ISIC_0054641,scc,3,bcc,2,bcc,2
ISIC_0054643,non_malignant,0,non_malignant,0,non_malignant,0
ISIC_0054650,non_malignant,0,non_malignant,0,non_malignant,0
ISIC_0054672,non_malignant,0,non_malignant,0,non_malignant,0
ISIC_0054683,non_malignant,0,melanoma,1,non_malignant,0
ISIC_0054690,non_malignant,0,scc,3,bcc,2
ISIC_0054692,non_malignant,0,non_malignant,0,non_malignant,0
ISIC_0054696,non_malignant,0,melanoma,1,non_malignant,0
ISIC_0054706,non_malignant,0,non_malignant,0,non_malignant,0
ISIC_0054710,melanoma,1,melanoma,1,melanoma,1
ISIC_0054759,non_malignant,0,melanoma,1,melanoma,1
ISIC_0054761,non_malignant,0,non_malignant,0,non_malignant,0
ISIC_0054775,non_malignant,0,melanoma,1,non_malignant,0
ISIC_0054792,non_malignant,0,non_malignant,0,non_malignant,0
ISIC_0054797,non_malignant,0,non_malignant,0,non_malignant,0
ISIC_0054823,non_malignant,0,non_malignant,0,non_malignant,0
ISIC_0054826,non_malignant,0,non_malignant,0,melanoma,1
ISIC_0054836,bcc,2,scc,3,bcc,2
ISIC_0054841,non_malignant,0,non_malignant,0,melanoma,1
ISIC_0054845,bcc,2,non_malignant,0,non_malignant,0
ISIC_0054846,melanoma,1,melanoma,1,melanoma,1
ISIC_0054849,bcc,2,bcc,2,bcc,2
ISIC_0054853,melanoma,1,melanoma,1,melanoma,1
ISIC_0054859,melanoma,1,melanoma,1,melanoma,1
ISIC_0054873,bcc,2,bcc,2,bcc,2
ISIC_0054879,non_malignant,0,non_malignant,0,non_malignant,0
ISIC_0054886,melanoma,1,melanoma,1,melanoma,1
ISIC_0054889,melanoma,1,non_malignant,0,melanoma,1
ISIC_0054897,non_malignant,0,melanoma,1,melanoma,1
ISIC_0054903,non_malignant,0,non_malignant,0,non_malignant,0
ISIC_0054904,melanoma,1,melanoma,1,melanoma,1
ISIC_0054912,melanoma,1,melanoma,1,melanoma,1
ISIC_0054925,non_malignant,0,non_malignant,0,non_malignant,0
ISIC_0054933,non_malignant,0,non_malignant,0,bcc,2
ISIC_0054943,non_malignant,0,non_malignant,0,non_malignant,0
ISIC_0054944,non_malignant,0,bcc,2,non_malignant,0
ISIC_0054949,scc,3,bcc,2,bcc,2
ISIC_0054951,non_malignant,0,bcc,2,non_malignant,0
ISIC_0054959,non_malignant,0,non_malignant,0,non_malignant,0
ISIC_0054965,non_malignant,0,non_malignant,0,non_malignant,0
ISIC_0054968,bcc,2,bcc,2,bcc,2
ISIC_0054973,melanoma,1,non_malignant,0,non_malignant,0
ISIC_0054982,melanoma,1,melanoma,1,melanoma,1
ISIC_0054985,bcc,2,bcc,2,bcc,2
ISIC_0055014,bcc,2,bcc,2,bcc,2
ISIC_0055034,non_malignant,0,non_malignant,0,non_malignant,0
ISIC_0055036,non_malignant,0,melanoma,1,non_malignant,0
ISIC_0055038,bcc,2,bcc,2,melanoma,1
ISIC_0055039,melanoma,1,non_malignant,0,melanoma,1
ISIC_0055044,non_malignant,0,non_malignant,0,non_malignant,0
ISIC_0055050,bcc,2,bcc,2,bcc,2
ISIC_0055051,melanoma,1,non_malignant,0,non_malignant,0
ISIC_0055057,non_malignant,0,non_malignant,0,non_malignant,0
ISIC_0055060,bcc,2,bcc,2,bcc,2
ISIC_0055061,non_malignant,0,non_malignant,0,non_malignant,0
ISIC_0055068,bcc,2,non_malignant,0,melanoma,1
ISIC_0055073,non_malignant,0,non_malignant,0,melanoma,1
ISIC_0055090,non_malignant,0,melanoma,1,non_malignant,0
ISIC_0055102,scc,3,scc,3,bcc,2
ISIC_0055105,melanoma,1,melanoma,1,melanoma,1
ISIC_0055109,bcc,2,bcc,2,bcc,2
ISIC_0055112,scc,3,scc,3,non_malignant,0
ISIC_0055137,bcc,2,bcc,2,bcc,2
ISIC_0055148,non_malignant,0,melanoma,1,melanoma,1
ISIC_0055167,melanoma,1,melanoma,1,melanoma,1
ISIC_0055177,non_malignant,0,melanoma,1,melanoma,1
ISIC_0055182,non_malignant,0,non_malignant,0,non_malignant,0
ISIC_0055191,melanoma,1,non_malignant,0,melanoma,1
ISIC_0055193,melanoma,1,non_malignant,0,melanoma,1
ISIC_0055204,scc,3,bcc,2,bcc,2
ISIC_0055205,melanoma,1,melanoma,1,melanoma,1
ISIC_0055209,bcc,2,non_malignant,0,non_malignant,0
ISIC_0055214,non_malignant,0,non_malignant,0,non_malignant,0
ISIC_0055215,non_malignant,0,non_malignant,0,non_malignant,0
ISIC_0055225,bcc,2,bcc,2,non_malignant,0
ISIC_0055234,non_malignant,0,melanoma,1,melanoma,1
ISIC_0055237,non_malignant,0,non_malignant,0,non_malignant,0
ISIC_0055239,non_malignant,0,non_malignant,0,melanoma,1
ISIC_0055245,bcc,2,bcc,2,bcc,2
ISIC_0055256,non_malignant,0,non_malignant,0,non_malignant,0
ISIC_0055262,bcc,2,bcc,2,bcc,2
ISIC_0055269,non_malignant,0,non_malignant,0,non_malignant,0
ISIC_0055275,bcc,2,bcc,2,bcc,2
ISIC_0055283,non_malignant,0,non_malignant,0,non_malignant,0
ISIC_0055291,bcc,2,scc,3,bcc,2
ISIC_0055318,melanoma,1,melanoma,1,melanoma,1
ISIC_0055325,bcc,2,melanoma,1,melanoma,1
ISIC_0055326,non_malignant,0,bcc,2,bcc,2
ISIC_0055328,scc,3,melanoma,1,scc,3
ISIC_0055330,bcc,2,bcc,2,melanoma,1
ISIC_0055332,non_malignant,0,non_malignant,0,non_malignant,0
ISIC_0055334,bcc,2,bcc,2,bcc,2
ISIC_0055337,melanoma,1,melanoma,1,melanoma,1
ISIC_0055342,non_malignant,0,non_malignant,0,non_malignant,0
ISIC_0055348,non_malignant,0,melanoma,1,melanoma,1
ISIC_0055358,non_malignant,0,non_malignant,0,non_malignant,0
ISIC_0055361,melanoma,1,melanoma,1,non_malignant,0
ISIC_0055368,bcc,2,melanoma,1,melanoma,1
ISIC_0055375,bcc,2,bcc,2,bcc,2
ISIC_0055403,melanoma,1,melanoma,1,melanoma,1
ISIC_0055438,melanoma,1,non_malignant,0,non_malignant,0
ISIC_0055442,non_malignant,0,non_malignant,0,bcc,2
ISIC_0055443,non_malignant,0,non_malignant,0,non_malignant,0
ISIC_0055459,melanoma,1,melanoma,1,melanoma,1
ISIC_0055468,melanoma,1,melanoma,1,melanoma,1
ISIC_0055473,non_malignant,0,non_malignant,0,non_malignant,0
ISIC_0055474,melanoma,1,non_malignant,0,non_malignant,0
ISIC_0055477,non_malignant,0,non_malignant,0,non_malignant,0
ISIC_0055478,scc,3,non_malignant,0,non_malignant,0
ISIC_0055484,non_malignant,0,non_malignant,0,non_malignant,0
ISIC_0055486,non_malignant,0,non_malignant,0,melanoma,1
ISIC_0055488,non_malignant,0,non_malignant,0,non_malignant,0
ISIC_0055501,non_malignant,0,melanoma,1,scc,3
ISIC_0055513,melanoma,1,melanoma,1,melanoma,1
ISIC_0055520,non_malignant,0,non_malignant,0,non_malignant,0
ISIC_0055524,non_malignant,0,non_malignant,0,non_malignant,0
ISIC_0055526,melanoma,1,melanoma,1,melanoma,1
ISIC_0055537,non_malignant,0,melanoma,1,non_malignant,0
ISIC_0055541,non_malignant,0,non_malignant,0,non_malignant,0
ISIC_0055548,non_malignant,0,melanoma,1,melanoma,1
ISIC_0055552,non_malignant,0,non_malignant,0,non_malignant,0
ISIC_0055564,non_malignant,0,non_malignant,0,non_malignant,0
ISIC_0055569,non_malignant,0,non_malignant,0,non_malignant,0
ISIC_0055601,non_malignant,0,non_malignant,0,non_malignant,0
ISIC_0055611,non_malignant,0,non_malignant,0,non_malignant,0
ISIC_0055612,non_malignant,0,non_malignant,0,non_malignant,0
ISIC_0055620,non_malignant,0,non_malignant,0,non_malignant,0
ISIC_0055621,non_malignant,0,non_malignant,0,melanoma,1
ISIC_0055626,non_malignant,0,non_malignant,0,bcc,2
ISIC_0055627,non_malignant,0,non_malignant,0,non_malignant,0
ISIC_0055643,melanoma,1,melanoma,1,melanoma,1
ISIC_0055657,non_malignant,0,melanoma,1,melanoma,1
ISIC_0055664,non_malignant,0,non_malignant,0,non_malignant,0
ISIC_0055680,melanoma,1,non_malignant,0,non_malignant,0
ISIC_0055695,non_malignant,0,non_malignant,0,melanoma,1
ISIC_0055702,non_malignant,0,non_malignant,0,non_malignant,0
ISIC_0055707,melanoma,1,melanoma,1,melanoma,1
ISIC_0055708,non_malignant,0,non_malignant,0,bcc,2
ISIC_0055718,bcc,2,melanoma,1,bcc,2
ISIC_0055719,non_malignant,0,non_malignant,0,non_malignant,0
ISIC_0055723,non_malignant,0,non_malignant,0,non_malignant,0
ISIC_0055726,non_malignant,0,melanoma,1,scc,3
ISIC_0055739,melanoma,1,melanoma,1,melanoma,1
ISIC_0055740,non_malignant,0,non_malignant,0,non_malignant,0
ISIC_0055748,bcc,2,bcc,2,bcc,2
ISIC_0055751,non_malignant,0,melanoma,1,non_malignant,0
ISIC_0055760,bcc,2,bcc,2,bcc,2
ISIC_0055766,bcc,2,bcc,2,melanoma,1
ISIC_0055768,bcc,2,bcc,2,bcc,2
ISIC_0055778,non_malignant,0,non_malignant,0,non_malignant,0
ISIC_0055802,melanoma,1,melanoma,1,melanoma,1
ISIC_0055810,melanoma,1,melanoma,1,melanoma,1
ISIC_0055814,bcc,2,bcc,2,bcc,2
ISIC_0055832,melanoma,1,melanoma,1,melanoma,1
ISIC_0055835,non_malignant,0,melanoma,1,non_malignant,0
ISIC_0055836,bcc,2,bcc,2,bcc,2
ISIC_0055851,non_malignant,0,non_malignant,0,non_malignant,0
ISIC_0055855,bcc,2,bcc,2,bcc,2
ISIC_0055860,non_malignant,0,non_malignant,0,non_malignant,0
ISIC_0055880,non_malignant,0,non_malignant,0,non_malignant,0
ISIC_0055891,bcc,2,melanoma,1,melanoma,1
ISIC_0055895,bcc,2,scc,3,bcc,2
ISIC_0055898,bcc,2,bcc,2,bcc,2
ISIC_0055909,non_malignant,0,melanoma,1,non_malignant,0
ISIC_0055911,melanoma,1,melanoma,1,non_malignant,0
ISIC_0055912,bcc,2,bcc,2,non_malignant,0
ISIC_0055913,bcc,2,bcc,2,melanoma,1
ISIC_0055920,scc,3,bcc,2,scc,3
ISIC_0055938,melanoma,1,melanoma,1,melanoma,1
ISIC_0055939,non_malignant,0,melanoma,1,non_malignant,0
ISIC_0055941,non_malignant,0,non_malignant,0,non_malignant,0
ISIC_0055945,non_malignant,0,non_malignant,0,non_malignant,0
ISIC_0055951,bcc,2,melanoma,1,bcc,2
ISIC_0055957,bcc,2,bcc,2,bcc,2
ISIC_0055958,bcc,2,melanoma,1,scc,3
ISIC_0055961,bcc,2,bcc,2,bcc,2
ISIC_0055966,non_malignant,0,non_malignant,0,non_malignant,0
ISIC_0055976,melanoma,1,melanoma,1,non_malignant,0
ISIC_0055986,non_malignant,0,melanoma,1,bcc,2
ISIC_0055987,non_malignant,0,non_malignant,0,non_malignant,0
ISIC_0055993,bcc,2,bcc,2,bcc,2
ISIC_0056025,scc,3,scc,3,bcc,2
ISIC_0056031,non_malignant,0,melanoma,1,melanoma,1
ISIC_0056036,melanoma,1,melanoma,1,melanoma,1
ISIC_0056038,non_malignant,0,non_malignant,0,melanoma,1
ISIC_0056039,bcc,2,bcc,2,bcc,2
ISIC_0056045,non_malignant,0,non_malignant,0,scc,3
ISIC_0056046,melanoma,1,melanoma,1,melanoma,1
ISIC_0056067,non_malignant,0,non_malignant,0,non_malignant,0
ISIC_0056078,non_malignant,0,melanoma,1,melanoma,1
ISIC_0056094,non_malignant,0,non_malignant,0,non_malignant,0
ISIC_0056102,melanoma,1,melanoma,1,melanoma,1
ISIC_0056104,non_malignant,0,non_malignant,0,melanoma,1
ISIC_0056106,bcc,2,scc,3,scc,3
ISIC_0056112,non_malignant,0,non_malignant,0,non_malignant,0
ISIC_0056113,melanoma,1,non_malignant,0,non_malignant,0
ISIC_0056119,melanoma,1,melanoma,1,melanoma,1
ISIC_0056127,melanoma,1,melanoma,1,melanoma,1
ISIC_0056165,non_malignant,0,non_malignant,0,non_malignant,0
ISIC_0056171,non_malignant,0,melanoma,1,melanoma,1
ISIC_0056172,bcc,2,melanoma,1,melanoma,1
ISIC_0056185,melanoma,1,melanoma,1,melanoma,1
ISIC_0056189,bcc,2,bcc,2,bcc,2
ISIC_0056193,non_malignant,0,non_malignant,0,non_malignant,0
ISIC_0056196,non_malignant,0,non_malignant,0,non_malignant,0
ISIC_0056197,non_malignant,0,non_malignant,0,non_malignant,0
ISIC_0056209,melanoma,1,melanoma,1,melanoma,1
ISIC_0056219,bcc,2,bcc,2,bcc,2
ISIC_0056221,melanoma,1,scc,3,scc,3
ISIC_0056226,melanoma,1,non_malignant,0,non_malignant,0
ISIC_0056239,non_malignant,0,melanoma,1,non_malignant,0
ISIC_0056240,non_malignant,0,melanoma,1,melanoma,1
ISIC_0056241,non_malignant,0,scc,3,scc,3
ISIC_0056245,non_malignant,0,non_malignant,0,non_malignant,0
ISIC_0056246,melanoma,1,non_malignant,0,melanoma,1
ISIC_0056260,non_malignant,0,melanoma,1,melanoma,1
ISIC_0056269,melanoma,1,bcc,2,bcc,2
ISIC_0056287,bcc,2,melanoma,1,bcc,2
ISIC_0056292,melanoma,1,melanoma,1,melanoma,1
ISIC_0056303,melanoma,1,melanoma,1,non_malignant,0
ISIC_0056305,non_malignant,0,non_malignant,0,non_malignant,0
ISIC_0056310,bcc,2,bcc,2,bcc,2
ISIC_0056314,non_malignant,0,melanoma,1,melanoma,1
ISIC_0056316,non_malignant,0,non_malignant,0,non_malignant,0
ISIC_0056326,non_malignant,0,non_malignant,0,non_malignant,0
ISIC_0056329,non_malignant,0,non_malignant,0,melanoma,1
ISIC_0056339,non_malignant,0,non_malignant,0,non_malignant,0
ISIC_0056344,non_malignant,0,non_malignant,0,non_malignant,0
ISIC_0056346,melanoma,1,non_malignant,0,non_malignant,0
ISIC_0056348,non_malignant,0,melanoma,1,non_malignant,0
ISIC_0056353,non_malignant,0,melanoma,1,melanoma,1
ISIC_0056354,non_malignant,0,non_malignant,0,non_malignant,0
ISIC_0056359,non_malignant,0,non_malignant,0,non_malignant,0
ISIC_0056362,bcc,2,non_malignant,0,bcc,2
ISIC_0056370,non_malignant,0,non_malignant,0,melanoma,1
ISIC_0056372,bcc,2,bcc,2,bcc,2
ISIC_0056373,non_malignant,0,non_malignant,0,non_malignant,0
ISIC_0056374,bcc,2,bcc,2,bcc,2
ISIC_0056379,bcc,2,melanoma,1,melanoma,1
ISIC_0056383,bcc,2,scc,3,melanoma,1
ISIC_0056393,non_malignant,0,non_malignant,0,non_malignant,0
ISIC_0056406,melanoma,1,non_malignant,0,non_malignant,0
ISIC_0056418,non_malignant,0,melanoma,1,melanoma,1
ISIC_0056424,non_malignant,0,non_malignant,0,non_malignant,0
ISIC_0056425,melanoma,1,non_malignant,0,melanoma,1
ISIC_0056442,non_malignant,0,non_malignant,0,non_malignant,0
ISIC_0056444,non_malignant,0,non_malignant,0,non_malignant,0
ISIC_0056445,non_malignant,0,non_malignant,0,non_malignant,0
ISIC_0056451,non_malignant,0,non_malignant,0,non_malignant,0
ISIC_0056456,non_malignant,0,non_malignant,0,non_malignant,0
ISIC_0056468,non_malignant,0,non_malignant,0,bcc,2
ISIC_0056472,non_malignant,0,non_malignant,0,non_malignant,0
ISIC_0056484,melanoma,1,melanoma,1,melanoma,1
ISIC_0056487,melanoma,1,melanoma,1,melanoma,1
ISIC_0056496,melanoma,1,non_malignant,0,non_malignant,0
ISIC_0056497,bcc,2,bcc,2,bcc,2
ISIC_0056499,non_malignant,0,non_malignant,0,non_malignant,0
ISIC_0056508,non_malignant,0,non_malignant,0,non_malignant,0
ISIC_0056523,non_malignant,0,melanoma,1,non_malignant,0
ISIC_0056525,melanoma,1,melanoma,1,melanoma,1
ISIC_0056528,non_malignant,0,non_malignant,0,non_malignant,0
ISIC_0056530,non_malignant,0,non_malignant,0,non_malignant,0
ISIC_0056531,melanoma,1,melanoma,1,non_malignant,0
ISIC_0056540,non_malignant,0,non_malignant,0,non_malignant,0
ISIC_0056541,non_malignant,0,non_malignant,0,non_malignant,0
ISIC_0056550,bcc,2,non_malignant,0,bcc,2
ISIC_0056555,non_malignant,0,non_malignant,0,non_malignant,0
ISIC_0056565,non_malignant,0,non_malignant,0,non_malignant,0
ISIC_0056573,melanoma,1,melanoma,1,melanoma,1
ISIC_0056575,non_malignant,0,non_malignant,0,non_malignant,0
ISIC_0056577,non_malignant,0,non_malignant,0,melanoma,1
ISIC_0056578,non_malignant,0,non_malignant,0,non_malignant,0
ISIC_0056579,non_malignant,0,non_malignant,0,non_malignant,0
ISIC_0056580,non_malignant,0,non_malignant,0,non_malignant,0
ISIC_0056583,non_malignant,0,non_malignant,0,non_malignant,0
ISIC_0056603,non_malignant,0,non_malignant,0,melanoma,1
ISIC_0056604,melanoma,1,melanoma,1,melanoma,1
ISIC_0056608,non_malignant,0,non_malignant,0,non_malignant,0
ISIC_0056615,melanoma,1,non_malignant,0,non_malignant,0
ISIC_0056617,non_malignant,0,non_malignant,0,non_malignant,0
ISIC_0056618,non_malignant,0,non_malignant,0,non_malignant,0
ISIC_0056620,non_malignant,0,non_malignant,0,non_malignant,0
ISIC_0056622,non_malignant,0,non_malignant,0,non_malignant,0
ISIC_0056631,bcc,2,non_malignant,0,bcc,2
ISIC_0056636,non_malignant,0,non_malignant,0,non_malignant,0
ISIC_0056648,non_malignant,0,non_malignant,0,non_malignant,0
ISIC_0056649,non_malignant,0,melanoma,1,melanoma,1
ISIC_0056656,non_malignant,0,melanoma,1,non_malignant,0
ISIC_0056659,melanoma,1,melanoma,1,melanoma,1
ISIC_0056670,melanoma,1,melanoma,1,melanoma,1
ISIC_0056672,non_malignant,0,bcc,2,bcc,2
ISIC_0056682,non_malignant,0,non_malignant,0,non_malignant,0
ISIC_0056690,non_malignant,0,non_malignant,0,non_malignant,0
ISIC_0056696,bcc,2,melanoma,1,melanoma,1
ISIC_0056697,non_malignant,0,non_malignant,0,non_malignant,0
ISIC_0056705,non_malignant,0,non_malignant,0,non_malignant,0
ISIC_0056707,non_malignant,0,non_malignant,0,non_malignant,0
ISIC_0056708,non_malignant,0,non_malignant,0,non_malignant,0
ISIC_0056712,non_malignant,0,non_malignant,0,bcc,2
ISIC_0056726,melanoma,1,melanoma,1,melanoma,1
ISIC_0056728,melanoma,1,melanoma,1,melanoma,1
ISIC_0056729,melanoma,1,melanoma,1,melanoma,1
ISIC_0056732,non_malignant,0,non_malignant,0,non_malignant,0
ISIC_0056733,non_malignant,0,non_malignant,0,non_malignant,0
ISIC_0056736,non_malignant,0,melanoma,1,non_malignant,0
ISIC_0056738,non_malignant,0,non_malignant,0,non_malignant,0
ISIC_0056742,bcc,2,bcc,2,bcc,2
ISIC_0056743,non_malignant,0,melanoma,1,melanoma,1
ISIC_0056747,bcc,2,bcc,2,bcc,2
ISIC_0056750,melanoma,1,non_malignant,0,bcc,2
ISIC_0056752,melanoma,1,melanoma,1,melanoma,1
ISIC_0056759,non_malignant,0,melanoma,1,melanoma,1
ISIC_0056763,non_malignant,0,non_malignant,0,non_malignant,0
ISIC_0056765,non_malignant,0,non_malignant,0,non_malignant,0
ISIC_0056767,bcc,2,bcc,2,bcc,2
ISIC_0056772,non_malignant,0,non_malignant,0,non_malignant,0
ISIC_0056778,non_malignant,0,non_malignant,0,non_malignant,0
ISIC_0056787,scc,3,scc,3,scc,3
ISIC_0056790,melanoma,1,non_malignant,0,melanoma,1
ISIC_0056793,melanoma,1,melanoma,1,melanoma,1
ISIC_0056809,non_malignant,0,non_malignant,0,non_malignant,0
ISIC_0056815,non_malignant,0,non_malignant,0,non_malignant,0
ISIC_0056822,non_malignant,0,melanoma,1,melanoma,1
ISIC_0056826,bcc,2,bcc,2,bcc,2
ISIC_0056834,non_malignant,0,melanoma,1,non_malignant,0
ISIC_0056835,bcc,2,non_malignant,0,melanoma,1
ISIC_0056846,non_malignant,0,non_malignant,0,non_malignant,0
ISIC_0056853,non_malignant,0,non_malignant,0,non_malignant,0
ISIC_0056860,melanoma,1,melanoma,1,bcc,2
ISIC_0056875,bcc,2,scc,3,bcc,2
ISIC_0056876,melanoma,1,melanoma,1,melanoma,1
ISIC_0056881,non_malignant,0,non_malignant,0,non_malignant,0
ISIC_0056889,bcc,2,scc,3,bcc,2
ISIC_0056890,non_malignant,0,non_malignant,0,non_malignant,0
ISIC_0056913,scc,3,non_malignant,0,bcc,2
ISIC_0056914,melanoma,1,melanoma,1,melanoma,1
ISIC_0056924,non_malignant,0,melanoma,1,melanoma,1
ISIC_0056925,scc,3,scc,3,scc,3
ISIC_0056930,non_malignant,0,non_malignant,0,non_malignant,0
ISIC_0056938,melanoma,1,melanoma,1,melanoma,1
ISIC_0056953,bcc,2,bcc,2,bcc,2
ISIC_0056965,bcc,2,bcc,2,bcc,2
ISIC_0056979,melanoma,1,melanoma,1,melanoma,1
ISIC_0056983,melanoma,1,melanoma,1,melanoma,1
ISIC_0056992,non_malignant,0,non_malignant,0,non_malignant,0
ISIC_0056998,melanoma,1,melanoma,1,melanoma,1
ISIC_0057005,non_malignant,0,non_malignant,0,non_malignant,0
ISIC_0057006,non_malignant,0,non_malignant,0,non_malignant,0
ISIC_0057011,non_malignant,0,melanoma,1,non_malignant,0
ISIC_0057014,non_malignant,0,melanoma,1,non_malignant,0
ISIC_0057028,non_malignant,0,non_malignant,0,non_malignant,0
ISIC_0057032,melanoma,1,non_malignant,0,non_malignant,0
ISIC_0057035,non_malignant,0,non_malignant,0,melanoma,1
ISIC_0057043,scc,3,bcc,2,bcc,2
ISIC_0057056,bcc,2,melanoma,1,bcc,2
ISIC_0057063,non_malignant,0,bcc,2,non_malignant,0
ISIC_0057068,non_malignant,0,non_malignant,0,non_malignant,0
ISIC_0057069,bcc,2,non_malignant,0,bcc,2
ISIC_0057070,non_malignant,0,non_malignant,0,non_malignant,0
ISIC_0057071,non_malignant,0,non_malignant,0,non_malignant,0
ISIC_0057075,bcc,2,bcc,2,melanoma,1
ISIC_0057083,melanoma,1,non_malignant,0,bcc,2
ISIC_0057085,non_malignant,0,non_malignant,0,melanoma,1
ISIC_0057094,non_malignant,0,non_malignant,0,melanoma,1
ISIC_0057106,non_malignant,0,non_malignant,0,non_malignant,0
ISIC_0057108,non_malignant,0,non_malignant,0,non_malignant,0
ISIC_0057111,bcc,2,bcc,2,bcc,2
ISIC_0057112,bcc,2,bcc,2,bcc,2
ISIC_0057127,non_malignant,0,non_malignant,0,non_malignant,0
ISIC_0057166,non_malignant,0,non_malignant,0,non_malignant,0
ISIC_0057169,melanoma,1,bcc,2,bcc,2
ISIC_0057170,bcc,2,bcc,2,bcc,2
ISIC_0057173,melanoma,1,non_malignant,0,non_malignant,0
ISIC_0057193,non_malignant,0,melanoma,1,non_malignant,0
ISIC_0057195,bcc,2,bcc,2,bcc,2
ISIC_0057196,melanoma,1,melanoma,1,melanoma,1
ISIC_0057206,non_malignant,0,non_malignant,0,bcc,2
ISIC_0057210,non_malignant,0,melanoma,1,melanoma,1
ISIC_0057213,bcc,2,bcc,2,bcc,2
ISIC_0057230,non_malignant,0,non_malignant,0,melanoma,1
ISIC_0057238,non_malignant,0,melanoma,1,melanoma,1
ISIC_0057244,melanoma,1,non_malignant,0,melanoma,1
ISIC_0057247,non_malignant,0,non_malignant,0,melanoma,1
ISIC_0057248,non_malignant,0,non_malignant,0,non_malignant,0
ISIC_0057251,melanoma,1,melanoma,1,melanoma,1
ISIC_0057252,melanoma,1,melanoma,1,melanoma,1
ISIC_0057254,non_malignant,0,non_malignant,0,non_malignant,0
ISIC_0057269,non_malignant,0,non_malignant,0,non_malignant,0
ISIC_0057283,non_malignant,0,non_malignant,0,melanoma,1
ISIC_0057287,non_malignant,0,non_malignant,0,non_malignant,0
ISIC_0057294,scc,3,melanoma,1,melanoma,1
ISIC_0057296,non_malignant,0,non_malignant,0,non_malignant,0
ISIC_0057326,non_malignant,0,melanoma,1,melanoma,1
ISIC_0057330,non_malignant,0,non_malignant,0,non_malignant,0
ISIC_0057334,bcc,2,non_malignant,0,bcc,2
ISIC_0057336,bcc,2,melanoma,1,melanoma,1
ISIC_0057340,non_malignant,0,non_malignant,0,non_malignant,0
ISIC_0057346,non_malignant,0,scc,3,scc,3
ISIC_0057349,bcc,2,bcc,2,bcc,2
ISIC_0057353,scc,3,scc,3,bcc,2
ISIC_0057354,non_malignant,0,non_malignant,0,non_malignant,0
ISIC_0057359,bcc,2,bcc,2,bcc,2
ISIC_0057365,non_malignant,0,melanoma,1,melanoma,1
ISIC_0057369,melanoma,1,melanoma,1,melanoma,1
ISIC_0057397,melanoma,1,melanoma,1,melanoma,1
ISIC_0057405,non_malignant,0,non_malignant,0,non_malignant,0
ISIC_0057419,non_malignant,0,non_malignant,0,non_malignant,0
ISIC_0057424,bcc,2,bcc,2,bcc,2
ISIC_0057442,bcc,2,bcc,2,bcc,2
ISIC_0057443,non_malignant,0,non_malignant,0,non_malignant,0
ISIC_0057454,non_malignant,0,non_malignant,0,non_malignant,0
ISIC_0057481,non_malignant,0,melanoma,1,melanoma,1
ISIC_0057492,scc,3,bcc,2,melanoma,1
ISIC_0057493,non_malignant,0,melanoma,1,melanoma,1
ISIC_0057495,non_malignant,0,non_malignant,0,non_malignant,0
ISIC_0057501,non_malignant,0,non_malignant,0,non_malignant,0
ISIC_0057512,non_malignant,0,non_malignant,0,non_malignant,0
ISIC_0057516,non_malignant,0,non_malignant,0,non_malignant,0
ISIC_0057529,non_malignant,0,non_malignant,0,non_malignant,0
ISIC_0057544,non_malignant,0,non_malignant,0,non_malignant,0
ISIC_0057554,melanoma,1,melanoma,1,melanoma,1
ISIC_0057556,melanoma,1,melanoma,1,melanoma,1
ISIC_0057560,bcc,2,bcc,2,bcc,2
ISIC_0057562,non_malignant,0,non_malignant,0,non_malignant,0
ISIC_0057576,non_malignant,0,melanoma,1,melanoma,1
ISIC_0057578,non_malignant,0,melanoma,1,non_malignant,0
ISIC_0057580,non_malignant,0,scc,3,scc,3
ISIC_0057587,bcc,2,bcc,2,bcc,2
ISIC_0057594,melanoma,1,melanoma,1,melanoma,1
ISIC_0057600,non_malignant,0,melanoma,1,melanoma,1
ISIC_0057607,non_malignant,0,non_malignant,0,bcc,2
ISIC_0057610,scc,3,melanoma,1,melanoma,1
ISIC_0057611,melanoma,1,melanoma,1,melanoma,1
ISIC_0057635,non_malignant,0,non_malignant,0,non_malignant,0
ISIC_0057636,non_malignant,0,non_malignant,0,melanoma,1
ISIC_0057640,non_malignant,0,non_malignant,0,non_malignant,0
ISIC_0057646,non_malignant,0,non_malignant,0,non_malignant,0
ISIC_0057652,non_malignant,0,non_malignant,0,non_malignant,0
ISIC_0057660,non_malignant,0,melanoma,1,non_malignant,0
ISIC_0057662,bcc,2,bcc,2,melanoma,1
ISIC_0057681,non_malignant,0,melanoma,1,non_malignant,0
ISIC_0057687,melanoma,1,melanoma,1,melanoma,1
ISIC_0057694,non_malignant,0,melanoma,1,melanoma,1
ISIC_0057696,non_malignant,0,non_malignant,0,non_malignant,0
ISIC_0057702,melanoma,1,non_malignant,0,non_malignant,0
ISIC_0057705,bcc,2,bcc,2,bcc,2
ISIC_0057714,non_malignant,0,melanoma,1,melanoma,1
ISIC_0057722,non_malignant,0,non_malignant,0,non_malignant,0
ISIC_0057723,melanoma,1,melanoma,1,melanoma,1
ISIC_0057727,melanoma,1,melanoma,1,melanoma,1
ISIC_0057729,melanoma,1,melanoma,1,melanoma,1
ISIC_0057736,melanoma,1,melanoma,1,melanoma,1
ISIC_0057737,non_malignant,0,non_malignant,0,non_malignant,0
ISIC_0057755,bcc,2,bcc,2,bcc,2
ISIC_0057758,non_malignant,0,non_malignant,0,non_malignant,0
ISIC_0057759,melanoma,1,melanoma,1,melanoma,1
ISIC_0057763,non_malignant,0,melanoma,1,non_malignant,0
ISIC_0057771,melanoma,1,melanoma,1,melanoma,1
ISIC_0057777,non_malignant,0,non_malignant,0,non_malignant,0
ISIC_0057782,melanoma,1,non_malignant,0,non_malignant,0
ISIC_0057786,non_malignant,0,bcc,2,bcc,2
ISIC_0057787,melanoma,1,melanoma,1,melanoma,1
ISIC_0057792,non_malignant,0,non_malignant,0,non_malignant,0
ISIC_0057794,non_malignant,0,melanoma,1,melanoma,1
ISIC_0057797,non_malignant,0,non_malignant,0,non_malignant,0
ISIC_0057803,non_malignant,0,non_malignant,0,non_malignant,0
ISIC_0057810,non_malignant,0,non_malignant,0,non_malignant,0
ISIC_0057818,non_malignant,0,bcc,2,bcc,2
ISIC_0057819,non_malignant,0,non_malignant,0,non_malignant,0
ISIC_0057821,melanoma,1,melanoma,1,melanoma,1
ISIC_0057823,melanoma,1,non_malignant,0,melanoma,1
ISIC_0057834,non_malignant,0,non_malignant,0,melanoma,1
ISIC_0057837,melanoma,1,melanoma,1,melanoma,1
ISIC_0057859,non_malignant,0,non_malignant,0,non_malignant,0
ISIC_0057862,non_malignant,0,non_malignant,0,non_malignant,0
ISIC_0057871,non_malignant,0,melanoma,1,non_malignant,0
ISIC_0057872,non_malignant,0,non_malignant,0,non_malignant,0
ISIC_0057874,non_malignant,0,non_malignant,0,non_malignant,0
ISIC_0057877,non_malignant,0,non_malignant,0,non_malignant,0
ISIC_0057882,bcc,2,bcc,2,bcc,2
ISIC_0057884,melanoma,1,melanoma,1,melanoma,1
ISIC_0057885,bcc,2,bcc,2,bcc,2
ISIC_0057886,non_malignant,0,non_malignant,0,non_malignant,0
ISIC_0057887,non_malignant,0,non_malignant,0,non_malignant,0
ISIC_0057904,non_malignant,0,melanoma,1,non_malignant,0
ISIC_0057925,non_malignant,0,non_malignant,0,non_malignant,0
ISIC_0057928,non_malignant,0,non_malignant,0,non_malignant,0
ISIC_0057937,bcc,2,bcc,2,bcc,2
ISIC_0057950,non_malignant,0,melanoma,1,melanoma,1
ISIC_0057958,non_malignant,0,non_malignant,0,non_malignant,0
ISIC_0057963,melanoma,1,melanoma,1,melanoma,1
ISIC_0057969,non_malignant,0,melanoma,1,melanoma,1
ISIC_0057979,bcc,2,bcc,2,bcc,2
ISIC_0057984,non_malignant,0,non_malignant,0,non_malignant,0
ISIC_0057988,non_malignant,0,non_malignant,0,non_malignant,0
ISIC_0057989,bcc,2,bcc,2,bcc,2
ISIC_0058000,melanoma,1,melanoma,1,melanoma,1
ISIC_0058006,bcc,2,bcc,2,bcc,2
ISIC_0058022,melanoma,1,melanoma,1,melanoma,1
ISIC_0058027,non_malignant,0,non_malignant,0,non_malignant,0
ISIC_0058029,scc,3,scc,3,bcc,2
ISIC_0058038,bcc,2,bcc,2,bcc,2
ISIC_0058039,bcc,2,bcc,2,bcc,2
ISIC_0058042,non_malignant,0,non_malignant,0,non_malignant,0
ISIC_0058043,bcc,2,bcc,2,bcc,2
ISIC_0058056,non_malignant,0,melanoma,1,melanoma,1
ISIC_0058058,bcc,2,bcc,2,bcc,2
ISIC_0058060,bcc,2,scc,3,bcc,2
ISIC_0058063,melanoma,1,melanoma,1,melanoma,1
ISIC_0058069,bcc,2,bcc,2,bcc,2
ISIC_0058070,non_malignant,0,non_malignant,0,non_malignant,0
ISIC_0058078,non_malignant,0,non_malignant,0,non_malignant,0
ISIC_0058079,non_malignant,0,non_malignant,0,non_malignant,0
ISIC_0058080,non_malignant,0,bcc,2,non_malignant,0
ISIC_0058085,non_malignant,0,non_malignant,0,non_malignant,0
ISIC_0058099,non_malignant,0,non_malignant,0,melanoma,1
ISIC_0058108,non_malignant,0,non_malignant,0,non_malignant,0
ISIC_0058113,non_malignant,0,non_malignant,0,non_malignant,0
ISIC_0058128,bcc,2,bcc,2,bcc,2
ISIC_0058130,bcc,2,bcc,2,bcc,2
ISIC_0058138,melanoma,1,melanoma,1,non_malignant,0
ISIC_0058139,non_malignant,0,non_malignant,0,melanoma,1
ISIC_0058141,non_malignant,0,non_malignant,0,non_malignant,0
ISIC_0058147,non_malignant,0,non_malignant,0,non_malignant,0
ISIC_0058148,non_malignant,0,non_malignant,0,bcc,2
ISIC_0058149,melanoma,1,melanoma,1,melanoma,1
ISIC_0058161,non_malignant,0,non_malignant,0,bcc,2
ISIC_0058164,melanoma,1,melanoma,1,melanoma,1
ISIC_0058165,non_malignant,0,non_malignant,0,non_malignant,0
ISIC_0058173,melanoma,1,melanoma,1,melanoma,1
ISIC_0058174,melanoma,1,melanoma,1,melanoma,1
ISIC_0058176,melanoma,1,melanoma,1,melanoma,1
ISIC_0058184,non_malignant,0,non_malignant,0,non_malignant,0
ISIC_0058186,non_malignant,0,non_malignant,0,non_malignant,0
ISIC_0058194,non_malignant,0,non_malignant,0,bcc,2
ISIC_0058195,non_malignant,0,non_malignant,0,non_malignant,0
ISIC_0058212,non_malignant,0,melanoma,1,melanoma,1
ISIC_0058219,non_malignant,0,melanoma,1,melanoma,1
ISIC_0058220,bcc,2,non_malignant,0,bcc,2
ISIC_0058224,melanoma,1,melanoma,1,melanoma,1
ISIC_0058228,non_malignant,0,non_malignant,0,non_malignant,0
ISIC_0058231,non_malignant,0,non_malignant,0,non_malignant,0
ISIC_0058237,melanoma,1,melanoma,1,melanoma,1
ISIC_0058245,melanoma,1,melanoma,1,melanoma,1
ISIC_0058262,non_malignant,0,non_malignant,0,non_malignant,0
ISIC_0058265,non_malignant,0,non_malignant,0,melanoma,1
ISIC_0058267,melanoma,1,melanoma,1,melanoma,1
ISIC_0058285,melanoma,1,melanoma,1,melanoma,1
ISIC_0058288,non_malignant,0,melanoma,1,non_malignant,0
ISIC_0058289,non_malignant,0,non_malignant,0,non_malignant,0
ISIC_0058296,non_malignant,0,non_malignant,0,non_malignant,0
ISIC_0058302,non_malignant,0,non_malignant,0,bcc,2
ISIC_0058314,non_malignant,0,non_malignant,0,non_malignant,0
ISIC_0058319,melanoma,1,melanoma,1,melanoma,1
ISIC_0058321,melanoma,1,melanoma,1,melanoma,1
ISIC_0058328,non_malignant,0,non_malignant,0,non_malignant,0
ISIC_0058331,melanoma,1,non_malignant,0,melanoma,1
ISIC_0058332,melanoma,1,melanoma,1,melanoma,1
ISIC_0058337,bcc,2,bcc,2,bcc,2
ISIC_0058338,non_malignant,0,non_malignant,0,non_malignant,0
ISIC_0058357,non_malignant,0,non_malignant,0,non_malignant,0
ISIC_0058360,non_malignant,0,non_malignant,0,non_malignant,0
ISIC_0058362,melanoma,1,melanoma,1,melanoma,1
ISIC_0058364,non_malignant,0,non_malignant,0,non_malignant,0
ISIC_0058367,melanoma,1,melanoma,1,melanoma,1
ISIC_0058376,melanoma,1,scc,3,melanoma,1
ISIC_0058415,bcc,2,melanoma,1,melanoma,1
ISIC_0058418,melanoma,1,melanoma,1,non_malignant,0
ISIC_0058419,bcc,2,bcc,2,bcc,2
ISIC_0058420,bcc,2,non_malignant,0,melanoma,1
ISIC_0058423,non_malignant,0,non_malignant,0,non_malignant,0
ISIC_0058425,melanoma,1,melanoma,1,melanoma,1
ISIC_0058429,non_malignant,0,non_malignant,0,non_malignant,0
ISIC_0058439,melanoma,1,non_malignant,0,non_malignant,0
ISIC_0058446,non_malignant,0,non_malignant,0,non_malignant,0
ISIC_0058448,melanoma,1,melanoma,1,melanoma,1
ISIC_0058449,non_malignant,0,melanoma,1,melanoma,1
ISIC_0058487,non_malignant,0,scc,3,scc,3
ISIC_0058493,non_malignant,0,non_malignant,0,non_malignant,0
ISIC_0058499,non_malignant,0,non_malignant,0,melanoma,1
ISIC_0058517,non_malignant,0,non_malignant,0,non_malignant,0
ISIC_0058518,melanoma,1,melanoma,1,melanoma,1
ISIC_0058527,bcc,2,bcc,2,bcc,2
ISIC_0058530,non_malignant,0,non_malignant,0,non_malignant,0
ISIC_0058532,non_malignant,0,melanoma,1,non_malignant,0
ISIC_0058537,non_malignant,0,melanoma,1,melanoma,1
ISIC_0058543,scc,3,melanoma,1,melanoma,1
ISIC_0058569,melanoma,1,melanoma,1,melanoma,1
ISIC_0058574,non_malignant,0,non_malignant,0,non_malignant,0
ISIC_0058585,non_malignant,0,melanoma,1,non_malignant,0
ISIC_0058586,non_malignant,0,melanoma,1,bcc,2
ISIC_0058600,non_malignant,0,non_malignant,0,non_malignant,0
ISIC_0058608,melanoma,1,melanoma,1,melanoma,1
ISIC_0058611,bcc,2,bcc,2,bcc,2
ISIC_0058624,non_malignant,0,non_malignant,0,non_malignant,0
ISIC_0058630,melanoma,1,melanoma,1,melanoma,1
ISIC_0058633,non_malignant,0,non_malignant,0,non_malignant,0
ISIC_0058635,non_malignant,0,non_malignant,0,non_malignant,0
ISIC_0058657,non_malignant,0,non_malignant,0,non_malignant,0
ISIC_0058660,melanoma,1,melanoma,1,melanoma,1
ISIC_0058663,melanoma,1,melanoma,1,melanoma,1
ISIC_0058664,non_malignant,0,non_malignant,0,non_malignant,0
ISIC_0058682,non_malignant,0,non_malignant,0,non_malignant,0
ISIC_0058684,non_malignant,0,non_malignant,0,non_malignant,0
ISIC_0058692,bcc,2,bcc,2,bcc,2
ISIC_0058698,bcc,2,bcc,2,bcc,2
ISIC_0058700,non_malignant,0,non_malignant,0,non_malignant,0
ISIC_0058710,non_malignant,0,non_malignant,0,non_malignant,0
ISIC_0058712,non_malignant,0,non_malignant,0,non_malignant,0
ISIC_0058713,melanoma,1,melanoma,1,melanoma,1
ISIC_0058715,non_malignant,0,non_malignant,0,non_malignant,0
ISIC_0058717,non_malignant,0,melanoma,1,bcc,2
ISIC_0058724,melanoma,1,melanoma,1,melanoma,1
ISIC_0058730,non_malignant,0,non_malignant,0,non_malignant,0
ISIC_0058731,non_malignant,0,non_malignant,0,non_malignant,0
ISIC_0058733,non_malignant,0,non_malignant,0,non_malignant,0
ISIC_0058745,bcc,2,bcc,2,bcc,2
ISIC_0058746,non_malignant,0,non_malignant,0,non_malignant,0
ISIC_0058755,non_malignant,0,non_malignant,0,non_malignant,0
ISIC_0058759,non_malignant,0,non_malignant,0,non_malignant,0
ISIC_0058761,non_malignant,0,bcc,2,bcc,2
ISIC_0058765,bcc,2,bcc,2,melanoma,1
ISIC_0058780,non_malignant,0,melanoma,1,melanoma,1
ISIC_0058787,bcc,2,melanoma,1,bcc,2
ISIC_0058795,non_malignant,0,non_malignant,0,non_malignant,0
ISIC_0058802,non_malignant,0,melanoma,1,melanoma,1
ISIC_0058813,non_malignant,0,non_malignant,0,non_malignant,0
ISIC_0058814,non_malignant,0,non_malignant,0,non_malignant,0
ISIC_0058815,non_malignant,0,bcc,2,bcc,2
ISIC_0058823,non_malignant,0,non_malignant,0,non_malignant,0
ISIC_0058825,non_malignant,0,melanoma,1,non_malignant,0
ISIC_0058827,non_malignant,0,non_malignant,0,non_malignant,0
ISIC_0058830,non_malignant,0,non_malignant,0,non_malignant,0
ISIC_0058832,bcc,2,bcc,2,bcc,2
ISIC_0058845,bcc,2,bcc,2,non_malignant,0
ISIC_0058850,non_malignant,0,melanoma,1,melanoma,1
ISIC_0058851,melanoma,1,non_malignant,0,non_malignant,0
ISIC_0058856,non_malignant,0,non_malignant,0,non_malignant,0
ISIC_0058858,melanoma,1,melanoma,1,melanoma,1
ISIC_0058860,bcc,2,bcc,2,bcc,2
ISIC_0058871,non_malignant,0,non_malignant,0,non_malignant,0
ISIC_0058872,non_malignant,0,melanoma,1,non_malignant,0
ISIC_0058887,melanoma,1,non_malignant,0,melanoma,1
ISIC_0058895,non_malignant,0,non_malignant,0,non_malignant,0
ISIC_0058896,non_malignant,0,melanoma,1,non_malignant,0
ISIC_0058901,non_malignant,0,non_malignant,0,non_malignant,0
ISIC_0058904,scc,3,scc,3,scc,3
ISIC_0058906,non_malignant,0,non_malignant,0,bcc,2
ISIC_0058909,melanoma,1,melanoma,1,melanoma,1
ISIC_0058910,melanoma,1,melanoma,1,melanoma,1
ISIC_0058914,non_malignant,0,non_malignant,0,non_malignant,0
ISIC_0058915,bcc,2,bcc,2,bcc,2
ISIC_0058930,non_malignant,0,non_malignant,0,non_malignant,0
ISIC_0058944,non_malignant,0,bcc,2,bcc,2
ISIC_0058946,non_malignant,0,non_malignant,0,non_malignant,0
ISIC_0058947,melanoma,1,melanoma,1,melanoma,1
ISIC_0058950,non_malignant,0,non_malignant,0,non_malignant,0
ISIC_0058956,non_malignant,0,melanoma,1,melanoma,1
ISIC_0058966,bcc,2,bcc,2,bcc,2
ISIC_0058972,scc,3,bcc,2,scc,3
ISIC_0058980,non_malignant,0,non_malignant,0,non_malignant,0
ISIC_0058990,non_malignant,0,non_malignant,0,non_malignant,0
ISIC_0058993,non_malignant,0,non_malignant,0,non_malignant,0
ISIC_0058997,bcc,2,bcc,2,bcc,2
ISIC_0059000,non_malignant,0,non_malignant,0,non_malignant,0
ISIC_0059005,melanoma,1,non_malignant,0,non_malignant,0
ISIC_0059012,bcc,2,bcc,2,bcc,2
ISIC_0059030,non_malignant,0,non_malignant,0,non_malignant,0
ISIC_0059035,non_malignant,0,non_malignant,0,non_malignant,0
ISIC_0059039,non_malignant,0,non_malignant,0,non_malignant,0
ISIC_0059045,non_malignant,0,non_malignant,0,non_malignant,0
ISIC_0059046,melanoma,1,melanoma,1,melanoma,1
ISIC_0059067,non_malignant,0,non_malignant,0,non_malignant,0
ISIC_0059076,melanoma,1,melanoma,1,melanoma,1
ISIC_0059079,melanoma,1,non_malignant,0,non_malignant,0
ISIC_0059080,bcc,2,bcc,2,bcc,2
ISIC_0059089,melanoma,1,melanoma,1,melanoma,1
ISIC_0059095,non_malignant,0,melanoma,1,melanoma,1
ISIC_0059097,non_malignant,0,non_malignant,0,non_malignant,0
ISIC_0059104,melanoma,1,melanoma,1,melanoma,1
ISIC_0059110,non_malignant,0,melanoma,1,non_malignant,0
ISIC_0059113,bcc,2,bcc,2,bcc,2
ISIC_0059116,bcc,2,non_malignant,0,non_malignant,0
ISIC_0059129,melanoma,1,non_malignant,0,melanoma,1
ISIC_0059144,non_malignant,0,non_malignant,0,non_malignant,0
ISIC_0059147,melanoma,1,melanoma,1,melanoma,1
ISIC_0059153,non_malignant,0,non_malignant,0,non_malignant,0
ISIC_0059166,non_malignant,0,non_malignant,0,non_malignant,0
ISIC_0059167,non_malignant,0,non_malignant,0,non_malignant,0
ISIC_0059179,non_malignant,0,non_malignant,0,non_malignant,0
ISIC_0059180,bcc,2,scc,3,bcc,2
ISIC_0059183,non_malignant,0,melanoma,1,non_malignant,0
ISIC_0059186,non_malignant,0,non_malignant,0,melanoma,1
ISIC_0059187,non_malignant,0,non_malignant,0,non_malignant,0
ISIC_0059201,bcc,2,bcc,2,bcc,2
ISIC_0059207,non_malignant,0,non_malignant,0,non_malignant,0
ISIC_0059216,melanoma,1,melanoma,1,melanoma,1
ISIC_0059218,melanoma,1,melanoma,1,melanoma,1
ISIC_0059223,non_malignant,0,non_malignant,0,non_malignant,0
ISIC_0059229,melanoma,1,non_malignant,0,non_malignant,0
ISIC_0059232,melanoma,1,melanoma,1,melanoma,1
ISIC_0059235,non_malignant,0,non_malignant,0,non_malignant,0
ISIC_0059236,bcc,2,bcc,2,bcc,2
ISIC_0059276,non_malignant,0,melanoma,1,melanoma,1
ISIC_0059289,non_malignant,0,non_malignant,0,non_malignant,0
ISIC_0059292,non_malignant,0,non_malignant,0,non_malignant,0
ISIC_0059295,non_malignant,0,melanoma,1,non_malignant,0
ISIC_0059300,non_malignant,0,melanoma,1,non_malignant,0
ISIC_0059301,melanoma,1,melanoma,1,melanoma,1
ISIC_0059307,bcc,2,bcc,2,bcc,2
ISIC_0059308,non_malignant,0,non_malignant,0,melanoma,1
ISIC_0059326,non_malignant,0,non_malignant,0,non_malignant,0
ISIC_0059333,non_malignant,0,melanoma,1,melanoma,1
ISIC_0059354,non_malignant,0,non_malignant,0,non_malignant,0
ISIC_0059363,non_malignant,0,non_malignant,0,bcc,2
ISIC_0059366,bcc,2,melanoma,1,melanoma,1
ISIC_0059370,non_malignant,0,non_malignant,0,non_malignant,0
ISIC_0059382,melanoma,1,bcc,2,melanoma,1
ISIC_0059384,non_malignant,0,non_malignant,0,non_malignant,0
ISIC_0059390,non_malignant,0,non_malignant,0,non_malignant,0
ISIC_0059403,scc,3,bcc,2,bcc,2
ISIC_0059404,non_malignant,0,non_malignant,0,non_malignant,0
ISIC_0059411,melanoma,1,melanoma,1,melanoma,1
ISIC_0059412,melanoma,1,non_malignant,0,melanoma,1
ISIC_0059420,melanoma,1,melanoma,1,melanoma,1
ISIC_0059424,melanoma,1,melanoma,1,melanoma,1
ISIC_0059427,melanoma,1,melanoma,1,non_malignant,0
ISIC_0059429,non_malignant,0,non_malignant,0,non_malignant,0
ISIC_0059432,non_malignant,0,non_malignant,0,non_malignant,0
ISIC_0059434,non_malignant,0,non_malignant,0,non_malignant,0
ISIC_0059436,non_malignant,0,non_malignant,0,non_malignant,0
ISIC_0059448,melanoma,1,melanoma,1,melanoma,1
ISIC_0059450,melanoma,1,scc,3,melanoma,1
ISIC_0059451,scc,3,scc,3,scc,3
ISIC_0059463,non_malignant,0,melanoma,1,melanoma,1
ISIC_0059467,non_malignant,0,melanoma,1,melanoma,1
ISIC_0059481,melanoma,1,melanoma,1,melanoma,1
ISIC_0059484,non_malignant,0,melanoma,1,bcc,2
ISIC_0059485,non_malignant,0,non_malignant,0,non_malignant,0
ISIC_0059494,non_malignant,0,non_malignant,0,non_malignant,0
ISIC_0059510,non_malignant,0,non_malignant,0,non_malignant,0
ISIC_0059522,non_malignant,0,non_malignant,0,non_malignant,0
ISIC_0059532,melanoma,1,melanoma,1,melanoma,1
ISIC_0059535,non_malignant,0,melanoma,1,melanoma,1
ISIC_0059539,non_malignant,0,non_malignant,0,non_malignant,0
ISIC_0059546,bcc,2,bcc,2,bcc,2
ISIC_0059547,melanoma,1,scc,3,melanoma,1
ISIC_0059571,non_malignant,0,non_malignant,0,non_malignant,0
ISIC_0059598,non_malignant,0,melanoma,1,melanoma,1
ISIC_0059608,melanoma,1,non_malignant,0,melanoma,1
ISIC_0059616,non_malignant,0,melanoma,1,bcc,2
ISIC_0059620,non_malignant,0,non_malignant,0,bcc,2
ISIC_0059628,melanoma,1,melanoma,1,melanoma,1
ISIC_0059642,bcc,2,bcc,2,bcc,2
ISIC_0059648,non_malignant,0,melanoma,1,melanoma,1
ISIC_0059649,non_malignant,0,melanoma,1,non_malignant,0
ISIC_0059661,non_malignant,0,non_malignant,0,non_malignant,0
ISIC_0059665,non_malignant,0,melanoma,1,melanoma,1
ISIC_0059678,non_malignant,0,non_malignant,0,melanoma,1
ISIC_0059679,non_malignant,0,non_malignant,0,non_malignant,0
ISIC_0059681,non_malignant,0,non_malignant,0,non_malignant,0
ISIC_0059685,non_malignant,0,melanoma,1,non_malignant,0
ISIC_0059692,bcc,2,melanoma,1,scc,3
ISIC_0059704,non_malignant,0,non_malignant,0,non_malignant,0
ISIC_0059713,non_malignant,0,non_malignant,0,non_malignant,0
ISIC_0059730,bcc,2,bcc,2,bcc,2
ISIC_0059731,non_malignant,0,non_malignant,0,non_malignant,0
ISIC_0059738,melanoma,1,melanoma,1,melanoma,1
ISIC_0059742,bcc,2,bcc,2,bcc,2
ISIC_0059750,melanoma,1,bcc,2,melanoma,1
ISIC_0059762,non_malignant,0,non_malignant,0,non_malignant,0
ISIC_0059766,melanoma,1,melanoma,1,melanoma,1
ISIC_0059772,non_malignant,0,non_malignant,0,melanoma,1
ISIC_0059776,bcc,2,bcc,2,bcc,2
ISIC_0059785,melanoma,1,non_malignant,0,melanoma,1
ISIC_0059814,melanoma,1,scc,3,melanoma,1
ISIC_0059841,non_malignant,0,non_malignant,0,non_malignant,0
ISIC_0059844,non_malignant,0,non_malignant,0,non_malignant,0
ISIC_0059854,bcc,2,bcc,2,bcc,2
ISIC_0059863,non_malignant,0,non_malignant,0,melanoma,1
ISIC_0059868,non_malignant,0,non_malignant,0,bcc,2
ISIC_0059870,non_malignant,0,non_malignant,0,melanoma,1
ISIC_0059894,non_malignant,0,non_malignant,0,non_malignant,0
ISIC_0059912,bcc,2,bcc,2,bcc,2
ISIC_0059914,bcc,2,bcc,2,bcc,2
ISIC_0059917,bcc,2,bcc,2,bcc,2
ISIC_0059923,non_malignant,0,non_malignant,0,non_malignant,0
ISIC_0059925,non_malignant,0,non_malignant,0,non_malignant,0
ISIC_0059938,non_malignant,0,non_malignant,0,non_malignant,0
ISIC_0059943,melanoma,1,melanoma,1,melanoma,1
ISIC_0059954,bcc,2,bcc,2,bcc,2
ISIC_0059968,non_malignant,0,melanoma,1,bcc,2
ISIC_0059975,non_malignant,0,non_malignant,0,non_malignant,0
ISIC_0059990,non_malignant,0,non_malignant,0,melanoma,1
ISIC_0060006,bcc,2,bcc,2,bcc,2
ISIC_0060013,non_malignant,0,non_malignant,0,non_malignant,0
ISIC_0060034,non_malignant,0,non_malignant,0,non_malignant,0
ISIC_0060036,non_malignant,0,non_malignant,0,melanoma,1
ISIC_0060045,bcc,2,bcc,2,bcc,2
ISIC_0060054,non_malignant,0,bcc,2,bcc,2
ISIC_0060064,non_malignant,0,non_malignant,0,non_malignant,0
ISIC_0060081,bcc,2,bcc,2,bcc,2
ISIC_0060097,non_malignant,0,non_malignant,0,non_malignant,0
ISIC_0060124,non_malignant,0,non_malignant,0,non_malignant,0
ISIC_0060127,bcc,2,bcc,2,bcc,2
ISIC_0060132,melanoma,1,melanoma,1,melanoma,1
ISIC_0060152,melanoma,1,melanoma,1,melanoma,1
ISIC_0060155,melanoma,1,melanoma,1,melanoma,1
ISIC_0060170,non_malignant,0,non_malignant,0,non_malignant,0
ISIC_0060171,non_malignant,0,non_malignant,0,melanoma,1
ISIC_0060173,non_malignant,0,bcc,2,bcc,2
ISIC_0060180,bcc,2,bcc,2,bcc,2
ISIC_0060186,non_malignant,0,non_malignant,0,melanoma,1
ISIC_0060195,bcc,2,scc,3,melanoma,1
ISIC_0060210,non_malignant,0,melanoma,1,non_malignant,0
ISIC_0060219,melanoma,1,non_malignant,0,non_malignant,0
ISIC_0060226,non_malignant,0,non_malignant,0,melanoma,1
ISIC_0060228,melanoma,1,melanoma,1,melanoma,1
ISIC_0060231,non_malignant,0,non_malignant,0,non_malignant,0
ISIC_0060239,melanoma,1,non_malignant,0,non_malignant,0
ISIC_0060240,non_malignant,0,non_malignant,0,non_malignant,0
ISIC_0060246,non_malignant,0,non_malignant,0,non_malignant,0
ISIC_0060263,non_malignant,0,melanoma,1,melanoma,1
ISIC_0060266,melanoma,1,melanoma,1,melanoma,1
ISIC_0060268,non_malignant,0,non_malignant,0,non_malignant,0
ISIC_0060279,non_malignant,0,non_malignant,0,non_malignant,0
ISIC_0060296,non_malignant,0,non_malignant,0,non_malignant,0
ISIC_0060319,melanoma,1,melanoma,1,melanoma,1
ISIC_0060320,bcc,2,bcc,2,bcc,2
ISIC_0060324,non_malignant,0,non_malignant,0,non_malignant,0
ISIC_0060342,melanoma,1,melanoma,1,melanoma,1
ISIC_0060345,non_malignant,0,non_malignant,0,non_malignant,0
ISIC_0060348,non_malignant,0,bcc,2,non_malignant,0
ISIC_0060366,scc,3,scc,3,scc,3
ISIC_0060375,melanoma,1,melanoma,1,melanoma,1
ISIC_0060386,melanoma,1,non_malignant,0,non_malignant,0
ISIC_0060403,melanoma,1,non_malignant,0,bcc,2
ISIC_0060406,melanoma,1,melanoma,1,melanoma,1
ISIC_0060407,non_malignant,0,non_malignant,0,non_malignant,0
ISIC_0060418,bcc,2,bcc,2,scc,3
ISIC_0060431,melanoma,1,melanoma,1,melanoma,1
ISIC_0060446,melanoma,1,non_malignant,0,melanoma,1
ISIC_0060447,non_malignant,0,non_malignant,0,melanoma,1
ISIC_0060454,non_malignant,0,melanoma,1,non_malignant,0
ISIC_0060455,non_malignant,0,non_malignant,0,melanoma,1
ISIC_0060457,non_malignant,0,non_malignant,0,non_malignant,0
ISIC_0060459,melanoma,1,melanoma,1,melanoma,1
ISIC_0060464,non_malignant,0,melanoma,1,non_malignant,0
ISIC_0060468,non_malignant,0,melanoma,1,bcc,2
ISIC_0060471,non_malignant,0,non_malignant,0,bcc,2
ISIC_0060473,non_malignant,0,non_malignant,0,non_malignant,0
ISIC_0060475,non_malignant,0,melanoma,1,non_malignant,0
ISIC_0060477,non_malignant,0,melanoma,1,melanoma,1
ISIC_0060479,non_malignant,0,melanoma,1,scc,3
ISIC_0060488,non_malignant,0,non_malignant,0,melanoma,1
ISIC_0060501,non_malignant,0,non_malignant,0,non_malignant,0
ISIC_0060502,melanoma,1,melanoma,1,melanoma,1
ISIC_0060505,non_malignant,0,non_malignant,0,bcc,2
ISIC_0060515,non_malignant,0,melanoma,1,melanoma,1
ISIC_0060517,non_malignant,0,non_malignant,0,non_malignant,0
ISIC_0060525,melanoma,1,non_malignant,0,non_malignant,0
ISIC_0060530,non_malignant,0,non_malignant,0,non_malignant,0
ISIC_0060536,non_malignant,0,non_malignant,0,non_malignant,0
ISIC_0060543,non_malignant,0,non_malignant,0,non_malignant,0
ISIC_0060558,melanoma,1,melanoma,1,melanoma,1
ISIC_0060565,non_malignant,0,non_malignant,0,non_malignant,0
ISIC_0060567,non_malignant,0,melanoma,1,bcc,2
ISIC_0060590,bcc,2,melanoma,1,melanoma,1
ISIC_0060594,non_malignant,0,non_malignant,0,non_malignant,0
ISIC_0060595,non_malignant,0,non_malignant,0,non_malignant,0
ISIC_0060603,bcc,2,melanoma,1,bcc,2
ISIC_0060607,non_malignant,0,non_malignant,0,melanoma,1
ISIC_0060621,melanoma,1,melanoma,1,melanoma,1
ISIC_0060628,non_malignant,0,non_malignant,0,non_malignant,0
ISIC_0060632,non_malignant,0,non_malignant,0,non_malignant,0
ISIC_0060633,non_malignant,0,bcc,2,bcc,2
ISIC_0060637,bcc,2,melanoma,1,melanoma,1
ISIC_0060638,melanoma,1,melanoma,1,melanoma,1
ISIC_0060641,non_malignant,0,non_malignant,0,non_malignant,0
ISIC_0060656,melanoma,1,melanoma,1,melanoma,1
ISIC_0060659,melanoma,1,melanoma,1,melanoma,1
ISIC_0060666,non_malignant,0,non_malignant,0,non_malignant,0
ISIC_0060667,non_malignant,0,non_malignant,0,non_malignant,0
ISIC_0060668,non_malignant,0,non_malignant,0,melanoma,1
ISIC_0060669,non_malignant,0,non_malignant,0,non_malignant,0
ISIC_0060677,melanoma,1,melanoma,1,melanoma,1
ISIC_0060679,melanoma,1,melanoma,1,melanoma,1
ISIC_0060683,bcc,2,bcc,2,bcc,2
ISIC_0060698,melanoma,1,bcc,2,bcc,2
ISIC_0060703,melanoma,1,melanoma,1,melanoma,1
ISIC_0060704,non_malignant,0,melanoma,1,melanoma,1
ISIC_0060707,non_malignant,0,non_malignant,0,non_malignant,0
ISIC_0060716,non_malignant,0,melanoma,1,non_malignant,0
ISIC_0060718,melanoma,1,melanoma,1,melanoma,1
ISIC_0060720,non_malignant,0,non_malignant,0,non_malignant,0
ISIC_0060728,melanoma,1,melanoma,1,melanoma,1
ISIC_0060735,non_malignant,0,melanoma,1,non_malignant,0
ISIC_0060736,melanoma,1,non_malignant,0,non_malignant,0
ISIC_0060742,non_malignant,0,non_malignant,0,non_malignant,0
ISIC_0060745,non_malignant,0,non_malignant,0,non_malignant,0
ISIC_0060746,non_malignant,0,non_malignant,0,non_malignant,0
ISIC_0060758,non_malignant,0,non_malignant,0,non_malignant,0
ISIC_0060787,non_malignant,0,non_malignant,0,non_malignant,0
ISIC_0060793,non_malignant,0,non_malignant,0,non_malignant,0
ISIC_0060808,non_malignant,0,non_malignant,0,non_malignant,0
ISIC_0060817,melanoma,1,melanoma,1,melanoma,1
ISIC_0060821,non_malignant,0,bcc,2,bcc,2
ISIC_0060822,non_malignant,0,melanoma,1,melanoma,1
ISIC_0060824,non_malignant,0,scc,3,non_malignant,0
ISIC_0060828,non_malignant,0,non_malignant,0,non_malignant,0
ISIC_0060829,melanoma,1,melanoma,1,melanoma,1
ISIC_0060839,non_malignant,0,non_malignant,0,non_malignant,0
ISIC_0060850,scc,3,scc,3,scc,3
ISIC_0060855,non_malignant,0,non_malignant,0,non_malignant,0
ISIC_0060860,non_malignant,0,non_malignant,0,non_malignant,0
ISIC_0060862,non_malignant,0,non_malignant,0,non_malignant,0
ISIC_0060863,non_malignant,0,non_malignant,0,non_malignant,0
ISIC_0060868,bcc,2,bcc,2,bcc,2
ISIC_0060874,bcc,2,bcc,2,bcc,2
ISIC_0060875,non_malignant,0,non_malignant,0,non_malignant,0
ISIC_0060878,non_malignant,0,melanoma,1,melanoma,1
ISIC_0060879,non_malignant,0,melanoma,1,melanoma,1
ISIC_0060880,bcc,2,bcc,2,bcc,2
ISIC_0060882,non_malignant,0,non_malignant,0,non_malignant,0
ISIC_0060887,non_malignant,0,non_malignant,0,non_malignant,0
ISIC_0060893,melanoma,1,scc,3,melanoma,1
ISIC_0060910,non_malignant,0,non_malignant,0,non_malignant,0
ISIC_0060920,non_malignant,0,scc,3,melanoma,1
ISIC_0060931,bcc,2,bcc,2,bcc,2
ISIC_0060933,non_malignant,0,melanoma,1,non_malignant,0
ISIC_0060934,melanoma,1,melanoma,1,melanoma,1
ISIC_0060943,non_malignant,0,non_malignant,0,melanoma,1
ISIC_0060945,non_malignant,0,non_malignant,0,melanoma,1
ISIC_0060947,bcc,2,non_malignant,0,non_malignant,0
ISIC_0060949,melanoma,1,melanoma,1,melanoma,1
ISIC_0060954,non_malignant,0,non_malignant,0,non_malignant,0
ISIC_0060961,non_malignant,0,non_malignant,0,melanoma,1
ISIC_0060967,melanoma,1,non_malignant,0,non_malignant,0
ISIC_0060968,melanoma,1,melanoma,1,melanoma,1
ISIC_0060973,bcc,2,melanoma,1,melanoma,1
ISIC_0060979,melanoma,1,non_malignant,0,non_malignant,0
ISIC_0060986,non_malignant,0,non_malignant,0,non_malignant,0
ISIC_0060992,non_malignant,0,non_malignant,0,non_malignant,0
ISIC_0061002,melanoma,1,non_malignant,0,melanoma,1
ISIC_0061010,melanoma,1,melanoma,1,melanoma,1
ISIC_0061011,melanoma,1,melanoma,1,melanoma,1
ISIC_0061014,non_malignant,0,melanoma,1,melanoma,1
ISIC_0061026,bcc,2,bcc,2,bcc,2
ISIC_0061030,non_malignant,0,melanoma,1,scc,3
ISIC_0061041,scc,3,melanoma,1,bcc,2
ISIC_0061058,non_malignant,0,non_malignant,0,non_malignant,0
ISIC_0061066,melanoma,1,non_malignant,0,melanoma,1
ISIC_0061067,melanoma,1,non_malignant,0,non_malignant,0
ISIC_0061069,non_malignant,0,bcc,2,non_malignant,0
ISIC_0061070,melanoma,1,non_malignant,0,melanoma,1
ISIC_0061072,non_malignant,0,non_malignant,0,melanoma,1
ISIC_0061082,non_malignant,0,melanoma,1,non_malignant,0
ISIC_0061108,melanoma,1,melanoma,1,melanoma,1
ISIC_0061111,non_malignant,0,non_malignant,0,non_malignant,0
ISIC_0061114,non_malignant,0,bcc,2,bcc,2
ISIC_0061124,bcc,2,bcc,2,bcc,2
ISIC_0061126,non_malignant,0,non_malignant,0,melanoma,1
ISIC_0061133,non_malignant,0,non_malignant,0,bcc,2
ISIC_0061135,bcc,2,bcc,2,bcc,2
ISIC_0061137,non_malignant,0,bcc,2,non_malignant,0
ISIC_0061139,melanoma,1,melanoma,1,melanoma,1
ISIC_0061141,melanoma,1,melanoma,1,melanoma,1
ISIC_0061163,melanoma,1,melanoma,1,non_malignant,0
ISIC_0061169,non_malignant,0,non_malignant,0,non_malignant,0
ISIC_0061177,bcc,2,bcc,2,bcc,2
ISIC_0061212,non_malignant,0,non_malignant,0,melanoma,1
ISIC_0061216,non_malignant,0,non_malignant,0,melanoma,1
ISIC_0061221,non_malignant,0,bcc,2,bcc,2
ISIC_0061223,non_malignant,0,non_malignant,0,non_malignant,0
ISIC_0061230,non_malignant,0,non_malignant,0,non_malignant,0
ISIC_0061240,scc,3,scc,3,scc,3
ISIC_0061250,melanoma,1,non_malignant,0,melanoma,1
ISIC_0061252,melanoma,1,melanoma,1,melanoma,1
ISIC_0061254,bcc,2,melanoma,1,bcc,2
ISIC_0061258,non_malignant,0,melanoma,1,melanoma,1
ISIC_0061266,non_malignant,0,non_malignant,0,non_malignant,0
ISIC_0061269,non_malignant,0,non_malignant,0,non_malignant,0
ISIC_0061272,non_malignant,0,non_malignant,0,non_malignant,0
ISIC_0061273,non_malignant,0,non_malignant,0,non_malignant,0
ISIC_0061274,non_malignant,0,non_malignant,0,non_malignant,0
ISIC_0061277,bcc,2,non_malignant,0,melanoma,1
ISIC_0061278,melanoma,1,melanoma,1,melanoma,1
ISIC_0061282,bcc,2,bcc,2,bcc,2
ISIC_0061287,non_malignant,0,non_malignant,0,bcc,2
ISIC_0061291,non_malignant,0,melanoma,1,melanoma,1
ISIC_0061295,non_malignant,0,melanoma,1,melanoma,1
ISIC_0061296,non_malignant,0,non_malignant,0,non_malignant,0
ISIC_0061304,non_malignant,0,melanoma,1,melanoma,1
ISIC_0061305,non_malignant,0,bcc,2,bcc,2
ISIC_0061312,non_malignant,0,non_malignant,0,melanoma,1
ISIC_0061320,melanoma,1,melanoma,1,melanoma,1
ISIC_0061321,non_malignant,0,non_malignant,0,non_malignant,0
ISIC_0061324,bcc,2,bcc,2,bcc,2
ISIC_0061325,non_malignant,0,non_malignant,0,non_malignant,0
ISIC_0061330,non_malignant,0,non_malignant,0,non_malignant,0
ISIC_0061346,bcc,2,melanoma,1,melanoma,1
ISIC_0061359,melanoma,1,non_malignant,0,melanoma,1
ISIC_0061371,melanoma,1,melanoma,1,melanoma,1
ISIC_0061372,non_malignant,0,bcc,2,bcc,2
ISIC_0061379,melanoma,1,melanoma,1,melanoma,1
ISIC_0061398,non_malignant,0,melanoma,1,melanoma,1
ISIC_0061404,melanoma,1,melanoma,1,melanoma,1
ISIC_0061405,non_malignant,0,non_malignant,0,non_malignant,0
ISIC_0061407,melanoma,1,melanoma,1,melanoma,1
ISIC_0061418,melanoma,1,melanoma,1,melanoma,1
ISIC_0061419,bcc,2,bcc,2,bcc,2
ISIC_0061421,non_malignant,0,non_malignant,0,melanoma,1
ISIC_0061426,non_malignant,0,melanoma,1,non_malignant,0
ISIC_0061450,bcc,2,bcc,2,bcc,2
ISIC_0061454,melanoma,1,scc,3,bcc,2
ISIC_0061457,non_malignant,0,non_malignant,0,non_malignant,0
ISIC_0061468,non_malignant,0,melanoma,1,non_malignant,0
ISIC_0061474,non_malignant,0,melanoma,1,melanoma,1
ISIC_0061478,non_malignant,0,non_malignant,0,non_malignant,0
ISIC_0061483,bcc,2,bcc,2,bcc,2
ISIC_0061490,bcc,2,bcc,2,scc,3
ISIC_0061493,non_malignant,0,non_malignant,0,non_malignant,0
ISIC_0061497,bcc,2,non_malignant,0,bcc,2
ISIC_0061501,non_malignant,0,melanoma,1,non_malignant,0
ISIC_0061506,non_malignant,0,non_malignant,0,non_malignant,0
ISIC_0061508,melanoma,1,non_malignant,0,melanoma,1
ISIC_0061509,melanoma,1,non_malignant,0,non_malignant,0
ISIC_0061515,bcc,2,bcc,2,bcc,2
ISIC_0061530,non_malignant,0,non_malignant,0,non_malignant,0
ISIC_0061531,melanoma,1,melanoma,1,melanoma,1
ISIC_0061532,melanoma,1,melanoma,1,melanoma,1
ISIC_0061535,non_malignant,0,melanoma,1,melanoma,1
ISIC_0061536,non_malignant,0,melanoma,1,melanoma,1
ISIC_0061540,non_malignant,0,non_malignant,0,non_malignant,0
ISIC_0061564,non_malignant,0,melanoma,1,non_malignant,0
ISIC_0061571,bcc,2,bcc,2,bcc,2
ISIC_0061586,non_malignant,0,non_malignant,0,bcc,2
ISIC_0061587,bcc,2,bcc,2,bcc,2
ISIC_0061590,non_malignant,0,non_malignant,0,non_malignant,0
ISIC_0061603,bcc,2,bcc,2,bcc,2
ISIC_0061610,non_malignant,0,melanoma,1,melanoma,1
ISIC_0061611,non_malignant,0,non_malignant,0,non_malignant,0
ISIC_0061612,non_malignant,0,melanoma,1,non_malignant,0
ISIC_0061615,bcc,2,melanoma,1,melanoma,1
ISIC_0061628,non_malignant,0,non_malignant,0,non_malignant,0
ISIC_0061634,non_malignant,0,melanoma,1,non_malignant,0
ISIC_0061636,melanoma,1,melanoma,1,melanoma,1
ISIC_0061643,melanoma,1,melanoma,1,melanoma,1
ISIC_0061646,non_malignant,0,melanoma,1,melanoma,1
ISIC_0061647,melanoma,1,melanoma,1,melanoma,1
ISIC_0061650,non_malignant,0,non_malignant,0,non_malignant,0
ISIC_0061651,non_malignant,0,non_malignant,0,non_malignant,0
ISIC_0061661,bcc,2,bcc,2,bcc,2
ISIC_0061672,non_malignant,0,melanoma,1,non_malignant,0
ISIC_0061673,non_malignant,0,non_malignant,0,non_malignant,0
ISIC_0061674,non_malignant,0,melanoma,1,bcc,2
ISIC_0061681,non_malignant,0,non_malignant,0,non_malignant,0
ISIC_0061706,non_malignant,0,bcc,2,non_malignant,0
ISIC_0061708,non_malignant,0,non_malignant,0,non_malignant,0
ISIC_0061710,melanoma,1,non_malignant,0,non_malignant,0
ISIC_0061714,non_malignant,0,non_malignant,0,non_malignant,0
ISIC_0061724,non_malignant,0,non_malignant,0,non_malignant,0
ISIC_0061734,non_malignant,0,non_malignant,0,non_malignant,0
ISIC_0061738,bcc,2,bcc,2,bcc,2
ISIC_0061742,non_malignant,0,non_malignant,0,non_malignant,0
ISIC_0061749,non_malignant,0,non_malignant,0,non_malignant,0
ISIC_0061757,non_malignant,0,melanoma,1,melanoma,1
ISIC_0061758,non_malignant,0,non_malignant,0,non_malignant,0
ISIC_0061759,scc,3,scc,3,bcc,2
ISIC_0061761,melanoma,1,melanoma,1,melanoma,1
ISIC_0061772,non_malignant,0,non_malignant,0,non_malignant,0
ISIC_0061778,bcc,2,bcc,2,bcc,2
ISIC_0061796,non_malignant,0,non_malignant,0,non_malignant,0
ISIC_0061798,melanoma,1,melanoma,1,melanoma,1
ISIC_0061800,non_malignant,0,non_malignant,0,non_malignant,0
ISIC_0061803,non_malignant,0,non_malignant,0,non_malignant,0
ISIC_0061808,non_malignant,0,non_malignant,0,non_malignant,0
ISIC_0061818,non_malignant,0,non_malignant,0,melanoma,1
ISIC_0061819,bcc,2,bcc,2,bcc,2
ISIC_0061827,non_malignant,0,non_malignant,0,non_malignant,0
ISIC_0061829,melanoma,1,melanoma,1,melanoma,1
ISIC_0061842,non_malignant,0,non_malignant,0,non_malignant,0
ISIC_0061850,non_malignant,0,non_malignant,0,non_malignant,0
ISIC_0061858,non_malignant,0,non_malignant,0,non_malignant,0
ISIC_0061859,non_malignant,0,melanoma,1,non_malignant,0
ISIC_0061862,bcc,2,non_malignant,0,melanoma,1
ISIC_0061874,bcc,2,bcc,2,bcc,2
ISIC_0061889,bcc,2,bcc,2,bcc,2
ISIC_0061903,non_malignant,0,non_malignant,0,melanoma,1
ISIC_0061917,non_malignant,0,non_malignant,0,melanoma,1
ISIC_0061921,melanoma,1,melanoma,1,melanoma,1
ISIC_0061934,bcc,2,bcc,2,bcc,2
ISIC_0061936,melanoma,1,melanoma,1,melanoma,1
ISIC_0061940,non_malignant,0,non_malignant,0,non_malignant,0
ISIC_0061941,melanoma,1,non_malignant,0,melanoma,1
ISIC_0061956,melanoma,1,melanoma,1,melanoma,1
ISIC_0061964,non_malignant,0,non_malignant,0,non_malignant,0
ISIC_0061981,non_malignant,0,melanoma,1,melanoma,1
ISIC_0061988,scc,3,bcc,2,bcc,2
ISIC_0061997,melanoma,1,melanoma,1,melanoma,1
ISIC_0061999,bcc,2,bcc,2,bcc,2
ISIC_0062014,non_malignant,0,non_malignant,0,melanoma,1
ISIC_0062021,bcc,2,non_malignant,0,bcc,2
ISIC_0062025,non_malignant,0,non_malignant,0,melanoma,1
ISIC_0062027,non_malignant,0,non_malignant,0,non_malignant,0
ISIC_0062040,non_malignant,0,melanoma,1,melanoma,1
ISIC_0062044,non_malignant,0,non_malignant,0,non_malignant,0
ISIC_0062046,non_malignant,0,non_malignant,0,non_malignant,0
ISIC_0062049,non_malignant,0,non_malignant,0,non_malignant,0
ISIC_0062065,non_malignant,0,non_malignant,0,non_malignant,0
ISIC_0062076,non_malignant,0,non_malignant,0,non_malignant,0
ISIC_0062097,non_malignant,0,non_malignant,0,non_malignant,0
ISIC_0062099,melanoma,1,non_malignant,0,melanoma,1
ISIC_0062107,non_malignant,0,non_malignant,0,non_malignant,0
ISIC_0062110,non_malignant,0,melanoma,1,non_malignant,0
ISIC_0062111,melanoma,1,non_malignant,0,non_malignant,0
ISIC_0062113,non_malignant,0,non_malignant,0,non_malignant,0
ISIC_0062115,melanoma,1,non_malignant,0,melanoma,1
ISIC_0062120,non_malignant,0,melanoma,1,non_malignant,0
ISIC_0062121,bcc,2,bcc,2,bcc,2
ISIC_0062132,non_malignant,0,melanoma,1,melanoma,1
ISIC_0062133,melanoma,1,bcc,2,bcc,2
ISIC_0062137,non_malignant,0,non_malignant,0,non_malignant,0
ISIC_0062142,non_malignant,0,non_malignant,0,melanoma,1
ISIC_0062146,non_malignant,0,melanoma,1,non_malignant,0
ISIC_0062156,scc,3,scc,3,non_malignant,0
ISIC_0062160,melanoma,1,melanoma,1,melanoma,1
ISIC_0062163,melanoma,1,melanoma,1,melanoma,1
ISIC_0062192,non_malignant,0,non_malignant,0,non_malignant,0
ISIC_0062197,non_malignant,0,non_malignant,0,non_malignant,0
ISIC_0062199,bcc,2,bcc,2,bcc,2
ISIC_0062200,non_malignant,0,non_malignant,0,non_malignant,0
ISIC_0062204,melanoma,1,melanoma,1,melanoma,1
ISIC_0062209,non_malignant,0,non_malignant,0,non_malignant,0
ISIC_0062223,non_malignant,0,non_malignant,0,non_malignant,0
ISIC_0062224,bcc,2,bcc,2,bcc,2
ISIC_0062225,bcc,2,bcc,2,non_malignant,0
ISIC_0062228,bcc,2,bcc,2,bcc,2
ISIC_0062231,bcc,2,bcc,2,bcc,2
ISIC_0062244,bcc,2,melanoma,1,melanoma,1
ISIC_0062249,non_malignant,0,melanoma,1,melanoma,1
ISIC_0062250,bcc,2,non_malignant,0,bcc,2
ISIC_0062262,bcc,2,bcc,2,bcc,2
ISIC_0062265,non_malignant,0,non_malignant,0,non_malignant,0
ISIC_0062275,non_malignant,0,non_malignant,0,non_malignant,0
ISIC_0062279,non_malignant,0,non_malignant,0,non_malignant,0
ISIC_0062290,non_malignant,0,non_malignant,0,non_malignant,0
ISIC_0062294,non_malignant,0,non_malignant,0,non_malignant,0
ISIC_0062300,non_malignant,0,melanoma,1,melanoma,1
ISIC_0062303,bcc,2,bcc,2,bcc,2
ISIC_0062304,non_malignant,0,melanoma,1,melanoma,1
ISIC_0062306,non_malignant,0,non_malignant,0,non_malignant,0
ISIC_0062309,non_malignant,0,non_malignant,0,bcc,2
ISIC_0062310,non_malignant,0,non_malignant,0,non_malignant,0
ISIC_0062313,melanoma,1,melanoma,1,melanoma,1
ISIC_0062323,melanoma,1,melanoma,1,melanoma,1
ISIC_0062327,non_malignant,0,non_malignant,0,non_malignant,0
ISIC_0062331,non_malignant,0,non_malignant,0,non_malignant,0
ISIC_0062335,non_malignant,0,melanoma,1,bcc,2
ISIC_0062342,bcc,2,scc,3,bcc,2
ISIC_0062352,non_malignant,0,non_malignant,0,non_malignant,0
ISIC_0062353,non_malignant,0,non_malignant,0,non_malignant,0
ISIC_0062360,non_malignant,0,non_malignant,0,non_malignant,0
ISIC_0062370,non_malignant,0,non_malignant,0,non_malignant,0
ISIC_0062375,non_malignant,0,non_malignant,0,non_malignant,0
ISIC_0062384,non_malignant,0,melanoma,1,non_malignant,0
ISIC_0062387,scc,3,melanoma,1,scc,3
ISIC_0062389,melanoma,1,non_malignant,0,non_malignant,0
ISIC_0062390,non_malignant,0,non_malignant,0,non_malignant,0
ISIC_0062399,bcc,2,bcc,2,bcc,2
ISIC_0062400,non_malignant,0,non_malignant,0,melanoma,1
ISIC_0062409,scc,3,bcc,2,bcc,2
ISIC_0062411,non_malignant,0,non_malignant,0,non_malignant,0
ISIC_0062414,non_malignant,0,non_malignant,0,melanoma,1
ISIC_0062418,non_malignant,0,melanoma,1,melanoma,1
ISIC_0062421,non_malignant,0,melanoma,1,melanoma,1
ISIC_0062422,non_malignant,0,non_malignant,0,non_malignant,0
ISIC_0062423,melanoma,1,melanoma,1,melanoma,1
ISIC_0062431,non_malignant,0,non_malignant,0,non_malignant,0
ISIC_0062435,non_malignant,0,non_malignant,0,non_malignant,0
ISIC_0062442,melanoma,1,melanoma,1,melanoma,1
ISIC_0062444,non_malignant,0,melanoma,1,non_malignant,0
ISIC_0062446,non_malignant,0,non_malignant,0,non_malignant,0
ISIC_0062447,melanoma,1,non_malignant,0,melanoma,1
ISIC_0062465,non_malignant,0,non_malignant,0,melanoma,1
ISIC_0062479,scc,3,non_malignant,0,bcc,2
ISIC_0062481,melanoma,1,non_malignant,0,non_malignant,0
ISIC_0062483,non_malignant,0,non_malignant,0,non_malignant,0
ISIC_0062484,non_malignant,0,non_malignant,0,non_malignant,0
ISIC_0062485,non_malignant,0,non_malignant,0,non_malignant,0
ISIC_0062492,bcc,2,bcc,2,bcc,2
ISIC_0062494,scc,3,scc,3,bcc,2
ISIC_0062497,melanoma,1,melanoma,1,melanoma,1
ISIC_0062500,non_malignant,0,non_malignant,0,non_malignant,0
ISIC_0062511,non_malignant,0,non_malignant,0,non_malignant,0
ISIC_0062513,non_malignant,0,non_malignant,0,non_malignant,0
ISIC_0062526,non_malignant,0,non_malignant,0,non_malignant,0
ISIC_0062534,non_malignant,0,non_malignant,0,non_malignant,0
ISIC_0062535,non_malignant,0,non_malignant,0,melanoma,1
ISIC_0062536,melanoma,1,scc,3,melanoma,1
ISIC_0062550,non_malignant,0,melanoma,1,non_malignant,0
ISIC_0062557,non_malignant,0,non_malignant,0,melanoma,1
ISIC_0062561,non_malignant,0,non_malignant,0,melanoma,1
ISIC_0062574,non_malignant,0,melanoma,1,non_malignant,0
ISIC_0062575,melanoma,1,melanoma,1,melanoma,1
ISIC_0062587,non_malignant,0,non_malignant,0,melanoma,1
ISIC_0062591,non_malignant,0,non_malignant,0,melanoma,1
ISIC_0062596,melanoma,1,non_malignant,0,non_malignant,0
ISIC_0062601,bcc,2,bcc,2,bcc,2
ISIC_0062633,melanoma,1,melanoma,1,melanoma,1
ISIC_0062634,bcc,2,non_malignant,0,melanoma,1
ISIC_0062674,melanoma,1,melanoma,1,melanoma,1
ISIC_0062682,bcc,2,non_malignant,0,bcc,2
ISIC_0062686,melanoma,1,melanoma,1,melanoma,1
ISIC_0062688,melanoma,1,melanoma,1,bcc,2
ISIC_0062698,non_malignant,0,non_malignant,0,non_malignant,0
ISIC_0062701,non_malignant,0,non_malignant,0,non_malignant,0
ISIC_0062704,non_malignant,0,non_malignant,0,non_malignant,0
ISIC_0062705,non_malignant,0,melanoma,1,melanoma,1
ISIC_0062708,melanoma,1,melanoma,1,melanoma,1
ISIC_0062710,bcc,2,bcc,2,bcc,2
ISIC_0062715,non_malignant,0,non_malignant,0,melanoma,1
ISIC_0062731,non_malignant,0,non_malignant,0,non_malignant,0
ISIC_0062734,melanoma,1,non_malignant,0,non_malignant,0
ISIC_0062744,non_malignant,0,non_malignant,0,non_malignant,0
ISIC_0062748,non_malignant,0,melanoma,1,melanoma,1
ISIC_0062753,non_malignant,0,non_malignant,0,bcc,2
ISIC_0062768,non_malignant,0,non_malignant,0,bcc,2
ISIC_0062783,non_malignant,0,non_malignant,0,non_malignant,0
ISIC_0062784,non_malignant,0,non_malignant,0,non_malignant,0
ISIC_0062785,non_malignant,0,melanoma,1,non_malignant,0
ISIC_0062787,non_malignant,0,non_malignant,0,non_malignant,0
ISIC_0062789,bcc,2,bcc,2,bcc,2
ISIC_0062790,non_malignant,0,scc,3,bcc,2
ISIC_0062791,bcc,2,non_malignant,0,non_malignant,0
ISIC_0062795,non_malignant,0,non_malignant,0,non_malignant,0
ISIC_0062805,non_malignant,0,melanoma,1,melanoma,1
ISIC_0062806,melanoma,1,non_malignant,0,non_malignant,0
ISIC_0062810,non_malignant,0,non_malignant,0,melanoma,1
ISIC_0062817,bcc,2,melanoma,1,melanoma,1
ISIC_0062819,non_malignant,0,non_malignant,0,non_malignant,0
ISIC_0062842,non_malignant,0,non_malignant,0,non_malignant,0
ISIC_0062856,non_malignant,0,non_malignant,0,non_malignant,0
ISIC_0062860,non_malignant,0,non_malignant,0,non_malignant,0
ISIC_0062861,non_malignant,0,non_malignant,0,non_malignant,0
ISIC_0062863,non_malignant,0,non_malignant,0,non_malignant,0
ISIC_0062867,non_malignant,0,non_malignant,0,non_malignant,0
ISIC_0062873,non_malignant,0,non_malignant,0,melanoma,1
ISIC_0062874,bcc,2,bcc,2,bcc,2
ISIC_0062875,bcc,2,melanoma,1,melanoma,1
ISIC_0062880,non_malignant,0,non_malignant,0,melanoma,1
ISIC_0062892,non_malignant,0,non_malignant,0,non_malignant,0
ISIC_0062894,non_malignant,0,non_malignant,0,melanoma,1
ISIC_0062898,non_malignant,0,non_malignant,0,non_malignant,0
ISIC_0062902,bcc,2,melanoma,1,melanoma,1
ISIC_0062906,non_malignant,0,non_malignant,0,melanoma,1
ISIC_0062911,non_malignant,0,non_malignant,0,non_malignant,0
ISIC_0062912,melanoma,1,non_malignant,0,non_malignant,0
ISIC_0062917,non_malignant,0,non_malignant,0,non_malignant,0
ISIC_0062924,non_malignant,0,non_malignant,0,non_malignant,0
ISIC_0062927,bcc,2,bcc,2,bcc,2
ISIC_0062931,non_malignant,0,non_malignant,0,non_malignant,0
ISIC_0062936,bcc,2,melanoma,1,melanoma,1
ISIC_0062949,non_malignant,0,melanoma,1,melanoma,1
ISIC_0062954,melanoma,1,melanoma,1,melanoma,1
ISIC_0062973,non_malignant,0,non_malignant,0,non_malignant,0
ISIC_0062979,non_malignant,0,melanoma,1,non_malignant,0
ISIC_0062983,melanoma,1,non_malignant,0,melanoma,1
ISIC_0062985,melanoma,1,melanoma,1,melanoma,1
ISIC_0062989,non_malignant,0,non_malignant,0,bcc,2
ISIC_0062992,melanoma,1,melanoma,1,melanoma,1
ISIC_0063001,non_malignant,0,non_malignant,0,non_malignant,0
ISIC_0063007,bcc,2,bcc,2,bcc,2
ISIC_0063013,non_malignant,0,non_malignant,0,non_malignant,0
ISIC_0063021,non_malignant,0,non_malignant,0,non_malignant,0
ISIC_0063028,non_malignant,0,non_malignant,0,non_malignant,0
ISIC_0063074,bcc,2,bcc,2,bcc,2
ISIC_0063076,non_malignant,0,melanoma,1,melanoma,1
ISIC_0063086,non_malignant,0,non_malignant,0,non_malignant,0
ISIC_0063091,bcc,2,non_malignant,0,bcc,2
ISIC_0063092,non_malignant,0,non_malignant,0,non_malignant,0
ISIC_0063093,melanoma,1,melanoma,1,melanoma,1
ISIC_0063123,non_malignant,0,non_malignant,0,non_malignant,0
ISIC_0063128,non_malignant,0,non_malignant,0,bcc,2
ISIC_0063134,non_malignant,0,melanoma,1,melanoma,1
ISIC_0063141,non_malignant,0,bcc,2,bcc,2
ISIC_0063143,melanoma,1,melanoma,1,non_malignant,0
ISIC_0063150,non_malignant,0,non_malignant,0,non_malignant,0
ISIC_0063156,non_malignant,0,non_malignant,0,non_malignant,0
ISIC_0063157,melanoma,1,melanoma,1,melanoma,1
ISIC_0063164,melanoma,1,melanoma,1,melanoma,1
ISIC_0063167,bcc,2,bcc,2,bcc,2
ISIC_0063168,melanoma,1,non_malignant,0,non_malignant,0
ISIC_0063174,melanoma,1,melanoma,1,melanoma,1
ISIC_0063184,non_malignant,0,melanoma,1,melanoma,1
ISIC_0063200,bcc,2,non_malignant,0,bcc,2
ISIC_0063201,non_malignant,0,non_malignant,0,melanoma,1
ISIC_0063204,non_malignant,0,non_malignant,0,non_malignant,0
ISIC_0063206,scc,3,scc,3,scc,3
ISIC_0063211,non_malignant,0,non_malignant,0,melanoma,1
ISIC_0063212,non_malignant,0,non_malignant,0,non_malignant,0
ISIC_0063223,melanoma,1,melanoma,1,melanoma,1
ISIC_0063236,bcc,2,non_malignant,0,bcc,2
ISIC_0063251,non_malignant,0,non_malignant,0,melanoma,1
ISIC_0063262,non_malignant,0,non_malignant,0,melanoma,1
ISIC_0063264,melanoma,1,non_malignant,0,melanoma,1
ISIC_0063265,bcc,2,bcc,2,bcc,2
ISIC_0063269,bcc,2,non_malignant,0,non_malignant,0
ISIC_0063272,non_malignant,0,bcc,2,bcc,2
ISIC_0063289,melanoma,1,melanoma,1,melanoma,1
ISIC_0063301,bcc,2,bcc,2,bcc,2
ISIC_0063302,melanoma,1,melanoma,1,melanoma,1
ISIC_0063316,non_malignant,0,bcc,2,non_malignant,0
ISIC_0063319,non_malignant,0,non_malignant,0,bcc,2
ISIC_0063321,non_malignant,0,non_malignant,0,melanoma,1
ISIC_0063327,non_malignant,0,non_malignant,0,melanoma,1
ISIC_0063344,non_malignant,0,non_malignant,0,non_malignant,0
ISIC_0063365,non_malignant,0,non_malignant,0,bcc,2
ISIC_0063369,melanoma,1,scc,3,melanoma,1
ISIC_0063373,melanoma,1,melanoma,1,melanoma,1
ISIC_0063374,non_malignant,0,non_malignant,0,non_malignant,0
ISIC_0063385,non_malignant,0,non_malignant,0,non_malignant,0
ISIC_0063398,non_malignant,0,bcc,2,bcc,2
ISIC_0063411,non_malignant,0,melanoma,1,melanoma,1
ISIC_0063418,non_malignant,0,non_malignant,0,non_malignant,0
ISIC_0063428,melanoma,1,melanoma,1,melanoma,1
ISIC_0063440,non_malignant,0,non_malignant,0,melanoma,1
ISIC_0063441,non_malignant,0,non_malignant,0,non_malignant,0
ISIC_0063443,melanoma,1,melanoma,1,melanoma,1
ISIC_0063444,non_malignant,0,non_malignant,0,non_malignant,0
ISIC_0063447,melanoma,1,melanoma,1,melanoma,1
ISIC_0063465,non_malignant,0,non_malignant,0,melanoma,1
ISIC_0063472,non_malignant,0,non_malignant,0,non_malignant,0
ISIC_0063475,melanoma,1,melanoma,1,melanoma,1
ISIC_0063477,non_malignant,0,non_malignant,0,bcc,2
ISIC_0063485,bcc,2,bcc,2,bcc,2
ISIC_0063492,melanoma,1,melanoma,1,non_malignant,0
ISIC_0063503,bcc,2,melanoma,1,melanoma,1
ISIC_0063528,melanoma,1,melanoma,1,melanoma,1
ISIC_0063533,non_malignant,0,bcc,2,bcc,2
ISIC_0063542,non_malignant,0,non_malignant,0,melanoma,1
ISIC_0063549,non_malignant,0,melanoma,1,melanoma,1
ISIC_0063559,scc,3,scc,3,scc,3
ISIC_0063562,bcc,2,bcc,2,bcc,2
ISIC_0063568,melanoma,1,melanoma,1,melanoma,1
ISIC_0063575,bcc,2,non_malignant,0,non_malignant,0
ISIC_0063587,bcc,2,bcc,2,bcc,2
ISIC_0063589,non_malignant,0,scc,3,non_malignant,0
ISIC_0063594,non_malignant,0,non_malignant,0,non_malignant,0
ISIC_0063595,melanoma,1,non_malignant,0,non_malignant,0
ISIC_0063607,non_malignant,0,non_malignant,0,non_malignant,0
ISIC_0063610,bcc,2,bcc,2,bcc,2
ISIC_0063626,non_malignant,0,non_malignant,0,melanoma,1
ISIC_0063642,non_malignant,0,non_malignant,0,non_malignant,0
ISIC_0063666,bcc,2,bcc,2,bcc,2
ISIC_0063670,non_malignant,0,non_malignant,0,non_malignant,0
ISIC_0063676,non_malignant,0,non_malignant,0,non_malignant,0
ISIC_0063680,melanoma,1,non_malignant,0,melanoma,1
ISIC_0063693,melanoma,1,scc,3,non_malignant,0
ISIC_0063698,non_malignant,0,non_malignant,0,non_malignant,0
ISIC_0063714,bcc,2,bcc,2,bcc,2
ISIC_0063732,melanoma,1,melanoma,1,melanoma,1
ISIC_0063733,non_malignant,0,non_malignant,0,non_malignant,0
ISIC_0063735,non_malignant,0,non_malignant,0,bcc,2
ISIC_0063740,non_malignant,0,non_malignant,0,non_malignant,0
ISIC_0063745,non_malignant,0,non_malignant,0,non_malignant,0
ISIC_0063760,non_malignant,0,non_malignant,0,non_malignant,0
ISIC_0063764,non_malignant,0,non_malignant,0,non_malignant,0
ISIC_0063766,melanoma,1,melanoma,1,melanoma,1
ISIC_0063768,non_malignant,0,non_malignant,0,non_malignant,0
ISIC_0063769,melanoma,1,melanoma,1,melanoma,1
ISIC_0063775,melanoma,1,melanoma,1,melanoma,1
ISIC_0063783,non_malignant,0,melanoma,1,melanoma,1
ISIC_0063786,non_malignant,0,non_malignant,0,non_malignant,0
ISIC_0063792,melanoma,1,melanoma,1,melanoma,1
ISIC_0063793,melanoma,1,scc,3,bcc,2
ISIC_0063802,bcc,2,non_malignant,0,bcc,2
ISIC_0063807,non_malignant,0,melanoma,1,melanoma,1
ISIC_0063809,bcc,2,bcc,2,bcc,2
ISIC_0063810,non_malignant,0,non_malignant,0,non_malignant,0
ISIC_0063811,melanoma,1,melanoma,1,melanoma,1
ISIC_0063821,non_malignant,0,non_malignant,0,non_malignant,0
ISIC_0063828,non_malignant,0,non_malignant,0,melanoma,1
ISIC_0063834,non_malignant,0,scc,3,non_malignant,0
ISIC_0063838,non_malignant,0,non_malignant,0,non_malignant,0
ISIC_0063842,melanoma,1,melanoma,1,melanoma,1
ISIC_0063843,non_malignant,0,melanoma,1,melanoma,1
ISIC_0063855,scc,3,scc,3,bcc,2
ISIC_0063880,non_malignant,0,non_malignant,0,bcc,2
ISIC_0063888,non_malignant,0,melanoma,1,non_malignant,0
ISIC_0063899,non_malignant,0,non_malignant,0,non_malignant,0
ISIC_0063910,non_malignant,0,melanoma,1,non_malignant,0
ISIC_0063911,non_malignant,0,bcc,2,bcc,2
ISIC_0063928,bcc,2,bcc,2,bcc,2
ISIC_0063932,non_malignant,0,non_malignant,0,non_malignant,0
ISIC_0063934,non_malignant,0,melanoma,1,bcc,2
ISIC_0063935,non_malignant,0,non_malignant,0,non_malignant,0
ISIC_0063946,melanoma,1,non_malignant,0,bcc,2
ISIC_0063948,non_malignant,0,non_malignant,0,non_malignant,0
ISIC_0063957,non_malignant,0,non_malignant,0,non_malignant,0
ISIC_0063958,melanoma,1,melanoma,1,melanoma,1
ISIC_0063965,non_malignant,0,melanoma,1,bcc,2
ISIC_0063971,melanoma,1,melanoma,1,melanoma,1
ISIC_0063976,non_malignant,0,non_malignant,0,non_malignant,0
ISIC_0063980,melanoma,1,melanoma,1,melanoma,1
ISIC_0063994,scc,3,melanoma,1,bcc,2
ISIC_0063995,bcc,2,bcc,2,bcc,2
ISIC_0063997,non_malignant,0,melanoma,1,melanoma,1
ISIC_0063999,bcc,2,bcc,2,bcc,2
ISIC_0064008,non_malignant,0,non_malignant,0,non_malignant,0
ISIC_0064012,non_malignant,0,non_malignant,0,non_malignant,0
ISIC_0064020,non_malignant,0,non_malignant,0,non_malignant,0
ISIC_0064039,non_malignant,0,non_malignant,0,melanoma,1
ISIC_0064041,non_malignant,0,non_malignant,0,non_malignant,0
ISIC_0064048,non_malignant,0,non_malignant,0,non_malignant,0
ISIC_0064050,non_malignant,0,melanoma,1,melanoma,1
ISIC_0064052,non_malignant,0,non_malignant,0,melanoma,1
ISIC_0064066,melanoma,1,melanoma,1,melanoma,1
ISIC_0064071,non_malignant,0,non_malignant,0,non_malignant,0
ISIC_0064072,melanoma,1,non_malignant,0,melanoma,1
ISIC_0064079,melanoma,1,melanoma,1,melanoma,1
ISIC_0064085,non_malignant,0,non_malignant,0,non_malignant,0
ISIC_0064125,non_malignant,0,non_malignant,0,non_malignant,0
ISIC_0064127,non_malignant,0,non_malignant,0,non_malignant,0
ISIC_0064145,non_malignant,0,bcc,2,non_malignant,0
ISIC_0064150,bcc,2,melanoma,1,melanoma,1
ISIC_0064169,scc,3,scc,3,bcc,2
ISIC_0064179,bcc,2,bcc,2,bcc,2
ISIC_0064188,non_malignant,0,non_malignant,0,non_malignant,0
ISIC_0064191,non_malignant,0,melanoma,1,melanoma,1
ISIC_0064195,melanoma,1,melanoma,1,melanoma,1
ISIC_0064198,non_malignant,0,non_malignant,0,non_malignant,0
ISIC_0064201,melanoma,1,non_malignant,0,non_malignant,0
ISIC_0064205,non_malignant,0,non_malignant,0,non_malignant,0
ISIC_0064210,bcc,2,melanoma,1,melanoma,1
ISIC_0064213,melanoma,1,melanoma,1,melanoma,1
ISIC_0064217,non_malignant,0,non_malignant,0,non_malignant,0
ISIC_0064227,non_malignant,0,non_malignant,0,non_malignant,0
ISIC_0064233,bcc,2,bcc,2,bcc,2
ISIC_0064239,non_malignant,0,non_malignant,0,non_malignant,0
ISIC_0064240,melanoma,1,melanoma,1,melanoma,1
ISIC_0064249,non_malignant,0,non_malignant,0,non_malignant,0
ISIC_0064259,non_malignant,0,non_malignant,0,non_malignant,0
ISIC_0064260,non_malignant,0,non_malignant,0,non_malignant,0
ISIC_0064264,non_malignant,0,melanoma,1,melanoma,1
ISIC_0064265,non_malignant,0,melanoma,1,melanoma,1
ISIC_0064266,melanoma,1,melanoma,1,melanoma,1
ISIC_0064275,non_malignant,0,non_malignant,0,non_malignant,0
ISIC_0064286,bcc,2,scc,3,melanoma,1
ISIC_0064287,scc,3,bcc,2,bcc,2
ISIC_0064288,non_malignant,0,melanoma,1,melanoma,1
ISIC_0064308,non_malignant,0,non_malignant,0,melanoma,1
ISIC_0064310,bcc,2,non_malignant,0,non_malignant,0
ISIC_0064312,non_malignant,0,melanoma,1,non_malignant,0
ISIC_0064316,non_malignant,0,melanoma,1,melanoma,1
ISIC_0064324,bcc,2,bcc,2,bcc,2
ISIC_0064326,non_malignant,0,scc,3,bcc,2
ISIC_0064335,non_malignant,0,melanoma,1,melanoma,1
ISIC_0064339,melanoma,1,non_malignant,0,melanoma,1
ISIC_0064349,melanoma,1,melanoma,1,melanoma,1
ISIC_0064351,bcc,2,bcc,2,bcc,2
ISIC_0064358,scc,3,bcc,2,non_malignant,0
ISIC_0064360,melanoma,1,melanoma,1,melanoma,1
ISIC_0064376,melanoma,1,melanoma,1,melanoma,1
ISIC_0064383,non_malignant,0,non_malignant,0,non_malignant,0
ISIC_0064385,non_malignant,0,non_malignant,0,non_malignant,0
ISIC_0064398,non_malignant,0,non_malignant,0,non_malignant,0
ISIC_0064399,bcc,2,bcc,2,bcc,2
ISIC_0064403,non_malignant,0,scc,3,non_malignant,0
ISIC_0064412,non_malignant,0,melanoma,1,melanoma,1
ISIC_0064413,non_malignant,0,non_malignant,0,non_malignant,0
ISIC_0064417,non_malignant,0,non_malignant,0,non_malignant,0
ISIC_0064424,bcc,2,bcc,2,bcc,2
ISIC_0064427,melanoma,1,non_malignant,0,melanoma,1
ISIC_0064428,melanoma,1,melanoma,1,melanoma,1
ISIC_0064439,bcc,2,bcc,2,bcc,2
ISIC_0064443,bcc,2,bcc,2,bcc,2
ISIC_0064448,melanoma,1,melanoma,1,melanoma,1
ISIC_0064456,bcc,2,bcc,2,bcc,2
ISIC_0064461,non_malignant,0,non_malignant,0,non_malignant,0
ISIC_0064462,melanoma,1,melanoma,1,melanoma,1
ISIC_0064467,non_malignant,0,non_malignant,0,non_malignant,0
ISIC_0064483,melanoma,1,melanoma,1,melanoma,1
ISIC_0064487,non_malignant,0,non_malignant,0,non_malignant,0
ISIC_0064488,non_malignant,0,non_malignant,0,melanoma,1
ISIC_0064489,non_malignant,0,non_malignant,0,non_malignant,0
ISIC_0064493,non_malignant,0,non_malignant,0,non_malignant,0
ISIC_0064494,non_malignant,0,non_malignant,0,non_malignant,0
ISIC_0064498,melanoma,1,melanoma,1,melanoma,1
ISIC_0064501,non_malignant,0,non_malignant,0,non_malignant,0
ISIC_0064502,non_malignant,0,non_malignant,0,non_malignant,0
ISIC_0064519,bcc,2,bcc,2,bcc,2
ISIC_0064525,non_malignant,0,non_malignant,0,non_malignant,0
ISIC_0064529,non_malignant,0,scc,3,scc,3
ISIC_0064556,bcc,2,melanoma,1,melanoma,1
ISIC_0064565,non_malignant,0,non_malignant,0,non_malignant,0
ISIC_0064582,scc,3,scc,3,bcc,2
ISIC_0064586,non_malignant,0,bcc,2,bcc,2
ISIC_0064602,non_malignant,0,non_malignant,0,non_malignant,0
ISIC_0064606,melanoma,1,non_malignant,0,non_malignant,0
ISIC_0064625,melanoma,1,melanoma,1,melanoma,1
ISIC_0064627,non_malignant,0,non_malignant,0,non_malignant,0
ISIC_0064631,bcc,2,non_malignant,0,bcc,2
ISIC_0064633,melanoma,1,melanoma,1,melanoma,1
ISIC_0064637,non_malignant,0,non_malignant,0,melanoma,1
ISIC_0064640,non_malignant,0,non_malignant,0,non_malignant,0
ISIC_0064658,non_malignant,0,non_malignant,0,non_malignant,0
ISIC_0064659,non_malignant,0,non_malignant,0,bcc,2
ISIC_0064661,bcc,2,non_malignant,0,bcc,2
ISIC_0064663,non_malignant,0,non_malignant,0,non_malignant,0
ISIC_0064676,melanoma,1,melanoma,1,melanoma,1
ISIC_0064678,non_malignant,0,melanoma,1,non_malignant,0
ISIC_0064693,melanoma,1,non_malignant,0,melanoma,1
ISIC_0064697,non_malignant,0,melanoma,1,non_malignant,0
ISIC_0064698,non_malignant,0,non_malignant,0,non_malignant,0
ISIC_0064706,non_malignant,0,non_malignant,0,non_malignant,0
ISIC_0064707,non_malignant,0,non_malignant,0,non_malignant,0
ISIC_0064709,non_malignant,0,non_malignant,0,non_malignant,0
ISIC_0064710,non_malignant,0,non_malignant,0,non_malignant,0
ISIC_0064718,non_malignant,0,non_malignant,0,non_malignant,0
ISIC_0064719,non_malignant,0,non_malignant,0,non_malignant,0
ISIC_0064721,melanoma,1,scc,3,non_malignant,0
ISIC_0064731,bcc,2,bcc,2,bcc,2
ISIC_0064733,non_malignant,0,non_malignant,0,non_malignant,0
ISIC_0064750,non_malignant,0,scc,3,bcc,2
ISIC_0064753,bcc,2,bcc,2,bcc,2
ISIC_0064767,non_malignant,0,melanoma,1,non_malignant,0
ISIC_0064768,non_malignant,0,non_malignant,0,melanoma,1
ISIC_0064771,non_malignant,0,non_malignant,0,bcc,2
ISIC_0064772,non_malignant,0,melanoma,1,melanoma,1
ISIC_0064781,non_malignant,0,non_malignant,0,non_malignant,0
ISIC_0064782,non_malignant,0,melanoma,1,non_malignant,0
ISIC_0064785,melanoma,1,melanoma,1,melanoma,1
ISIC_0064791,non_malignant,0,melanoma,1,melanoma,1
ISIC_0064794,non_malignant,0,non_malignant,0,bcc,2
ISIC_0064795,non_malignant,0,non_malignant,0,non_malignant,0
ISIC_0064799,non_malignant,0,non_malignant,0,non_malignant,0
ISIC_0064803,melanoma,1,melanoma,1,non_malignant,0
ISIC_0064805,bcc,2,bcc,2,bcc,2
ISIC_0064806,non_malignant,0,scc,3,non_malignant,0
ISIC_0064817,non_malignant,0,non_malignant,0,melanoma,1
ISIC_0064824,bcc,2,bcc,2,bcc,2
ISIC_0064831,non_malignant,0,non_malignant,0,non_malignant,0
ISIC_0064832,bcc,2,bcc,2,bcc,2
ISIC_0064850,non_malignant,0,melanoma,1,melanoma,1
ISIC_0064852,non_malignant,0,non_malignant,0,non_malignant,0
ISIC_0064861,non_malignant,0,melanoma,1,non_malignant,0
ISIC_0064867,non_malignant,0,non_malignant,0,non_malignant,0
ISIC_0064873,non_malignant,0,non_malignant,0,melanoma,1
ISIC_0064874,melanoma,1,non_malignant,0,non_malignant,0
ISIC_0064875,melanoma,1,melanoma,1,non_malignant,0
ISIC_0064879,non_malignant,0,non_malignant,0,non_malignant,0
ISIC_0064881,melanoma,1,melanoma,1,melanoma,1
ISIC_0064882,non_malignant,0,non_malignant,0,non_malignant,0
ISIC_0064883,non_malignant,0,non_malignant,0,bcc,2
ISIC_0064884,bcc,2,bcc,2,bcc,2
ISIC_0064889,non_malignant,0,melanoma,1,non_malignant,0
ISIC_0064909,melanoma,1,melanoma,1,melanoma,1
ISIC_0064912,non_malignant,0,non_malignant,0,non_malignant,0
ISIC_0064913,non_malignant,0,non_malignant,0,non_malignant,0
ISIC_0064916,non_malignant,0,non_malignant,0,non_malignant,0
ISIC_0064918,non_malignant,0,non_malignant,0,non_malignant,0
ISIC_0064922,non_malignant,0,scc,3,non_malignant,0
ISIC_0064930,non_malignant,0,non_malignant,0,non_malignant,0
ISIC_0064934,melanoma,1,melanoma,1,melanoma,1
ISIC_0064939,bcc,2,scc,3,non_malignant,0
ISIC_0064953,non_malignant,0,non_malignant,0,non_malignant,0
ISIC_0064955,non_malignant,0,non_malignant,0,non_malignant,0
ISIC_0064964,non_malignant,0,non_malignant,0,non_malignant,0
ISIC_0064967,non_malignant,0,non_malignant,0,non_malignant,0
ISIC_0064976,non_malignant,0,non_malignant,0,non_malignant,0
ISIC_0064977,scc,3,bcc,2,melanoma,1
ISIC_0064979,non_malignant,0,non_malignant,0,non_malignant,0
ISIC_0064980,melanoma,1,melanoma,1,melanoma,1
ISIC_0064981,bcc,2,bcc,2,bcc,2
ISIC_0064982,melanoma,1,non_malignant,0,melanoma,1
ISIC_0064988,non_malignant,0,non_malignant,0,non_malignant,0
ISIC_0064992,melanoma,1,melanoma,1,melanoma,1
ISIC_0065003,non_malignant,0,non_malignant,0,melanoma,1
ISIC_0065028,bcc,2,bcc,2,bcc,2
ISIC_0065034,non_malignant,0,melanoma,1,melanoma,1
ISIC_0065038,non_malignant,0,non_malignant,0,non_malignant,0
ISIC_0065043,non_malignant,0,non_malignant,0,melanoma,1
ISIC_0065046,melanoma,1,melanoma,1,melanoma,1
ISIC_0065051,bcc,2,bcc,2,bcc,2
ISIC_0065072,non_malignant,0,bcc,2,bcc,2
ISIC_0065090,non_malignant,0,non_malignant,0,non_malignant,0
ISIC_0065091,melanoma,1,melanoma,1,melanoma,1
ISIC_0065099,melanoma,1,melanoma,1,melanoma,1
ISIC_0065115,non_malignant,0,non_malignant,0,melanoma,1
ISIC_0065137,non_malignant,0,non_malignant,0,non_malignant,0
ISIC_0065143,bcc,2,bcc,2,bcc,2
ISIC_0065148,non_malignant,0,non_malignant,0,non_malignant,0
ISIC_0065167,bcc,2,bcc,2,bcc,2
ISIC_0065172,non_malignant,0,non_malignant,0,non_malignant,0
ISIC_0065190,bcc,2,bcc,2,bcc,2
ISIC_0065195,melanoma,1,melanoma,1,melanoma,1
ISIC_0065201,non_malignant,0,melanoma,1,melanoma,1
ISIC_0065210,melanoma,1,non_malignant,0,non_malignant,0
ISIC_0065211,non_malignant,0,non_malignant,0,non_malignant,0
ISIC_0065214,non_malignant,0,non_malignant,0,non_malignant,0
ISIC_0065219,non_malignant,0,non_malignant,0,non_malignant,0
ISIC_0065223,non_malignant,0,non_malignant,0,non_malignant,0
ISIC_0065236,melanoma,1,melanoma,1,melanoma,1
ISIC_0065247,melanoma,1,bcc,2,non_malignant,0
ISIC_0065255,non_malignant,0,non_malignant,0,non_malignant,0
ISIC_0065264,non_malignant,0,non_malignant,0,bcc,2
ISIC_0065274,non_malignant,0,non_malignant,0,bcc,2
ISIC_0065275,non_malignant,0,melanoma,1,melanoma,1
ISIC_0065279,bcc,2,bcc,2,bcc,2
ISIC_0065281,non_malignant,0,melanoma,1,melanoma,1
ISIC_0065282,bcc,2,bcc,2,bcc,2
ISIC_0065287,non_malignant,0,non_malignant,0,non_malignant,0
ISIC_0065295,non_malignant,0,non_malignant,0,non_malignant,0
ISIC_0065297,non_malignant,0,non_malignant,0,non_malignant,0
ISIC_0065305,melanoma,1,non_malignant,0,melanoma,1
ISIC_0065313,melanoma,1,non_malignant,0,melanoma,1
ISIC_0065337,non_malignant,0,non_malignant,0,non_malignant,0
ISIC_0065338,melanoma,1,melanoma,1,melanoma,1
ISIC_0065342,non_malignant,0,non_malignant,0,non_malignant,0
ISIC_0065346,melanoma,1,non_malignant,0,melanoma,1
ISIC_0065358,non_malignant,0,non_malignant,0,non_malignant,0
ISIC_0065370,non_malignant,0,non_malignant,0,non_malignant,0
ISIC_0065372,non_malignant,0,non_malignant,0,non_malignant,0
ISIC_0065374,melanoma,1,melanoma,1,melanoma,1
ISIC_0065383,non_malignant,0,non_malignant,0,melanoma,1
ISIC_0065394,non_malignant,0,melanoma,1,non_malignant,0
ISIC_0065417,melanoma,1,melanoma,1,melanoma,1
ISIC_0065422,bcc,2,non_malignant,0,non_malignant,0
ISIC_0065431,melanoma,1,scc,3,scc,3
ISIC_0065433,melanoma,1,melanoma,1,melanoma,1
ISIC_0065436,non_malignant,0,melanoma,1,melanoma,1
ISIC_0065439,non_malignant,0,non_malignant,0,non_malignant,0
ISIC_0065455,scc,3,scc,3,bcc,2
ISIC_0065457,non_malignant,0,non_malignant,0,non_malignant,0
ISIC_0065458,non_malignant,0,non_malignant,0,melanoma,1
ISIC_0065467,non_malignant,0,non_malignant,0,non_malignant,0
ISIC_0065471,non_malignant,0,melanoma,1,melanoma,1
ISIC_0065480,non_malignant,0,non_malignant,0,non_malignant,0
ISIC_0065501,non_malignant,0,non_malignant,0,non_malignant,0
ISIC_0065503,non_malignant,0,bcc,2,non_malignant,0
ISIC_0065508,bcc,2,melanoma,1,melanoma,1
ISIC_0065510,non_malignant,0,non_malignant,0,non_malignant,0
ISIC_0065519,non_malignant,0,bcc,2,bcc,2
ISIC_0065536,non_malignant,0,non_malignant,0,non_malignant,0
ISIC_0065539,melanoma,1,non_malignant,0,bcc,2
ISIC_0065545,non_malignant,0,non_malignant,0,melanoma,1
ISIC_0065546,bcc,2,non_malignant,0,bcc,2
ISIC_0065550,melanoma,1,melanoma,1,melanoma,1
ISIC_0065563,non_malignant,0,non_malignant,0,non_malignant,0
ISIC_0065572,non_malignant,0,non_malignant,0,melanoma,1
ISIC_0065587,non_malignant,0,non_malignant,0,non_malignant,0
ISIC_0065590,melanoma,1,non_malignant,0,melanoma,1
ISIC_0065605,bcc,2,bcc,2,bcc,2
ISIC_0065619,non_malignant,0,non_malignant,0,non_malignant,0
ISIC_0065622,melanoma,1,melanoma,1,melanoma,1
ISIC_0065645,non_malignant,0,non_malignant,0,non_malignant,0
ISIC_0065696,bcc,2,bcc,2,bcc,2
ISIC_0065701,non_malignant,0,non_malignant,0,non_malignant,0
ISIC_0065713,non_malignant,0,non_malignant,0,non_malignant,0
ISIC_0065720,melanoma,1,non_malignant,0,melanoma,1
ISIC_0065723,melanoma,1,melanoma,1,melanoma,1
ISIC_0065725,scc,3,scc,3,scc,3
ISIC_0065739,bcc,2,bcc,2,bcc,2
ISIC_0065742,melanoma,1,non_malignant,0,melanoma,1
ISIC_0065743,bcc,2,melanoma,1,melanoma,1
ISIC_0065751,bcc,2,scc,3,bcc,2
ISIC_0065754,non_malignant,0,non_malignant,0,non_malignant,0
ISIC_0065764,non_malignant,0,non_malignant,0,melanoma,1
ISIC_0065765,non_malignant,0,non_malignant,0,non_malignant,0
ISIC_0065768,non_malignant,0,bcc,2,bcc,2
ISIC_0065772,non_malignant,0,non_malignant,0,bcc,2
ISIC_0065778,scc,3,non_malignant,0,melanoma,1
ISIC_0065779,non_malignant,0,non_malignant,0,non_malignant,0
ISIC_0065783,non_malignant,0,bcc,2,bcc,2
ISIC_0065789,non_malignant,0,non_malignant,0,non_malignant,0
ISIC_0065790,bcc,2,bcc,2,bcc,2
ISIC_0065794,non_malignant,0,melanoma,1,melanoma,1
ISIC_0065804,bcc,2,melanoma,1,melanoma,1
ISIC_0065808,non_malignant,0,melanoma,1,non_malignant,0
ISIC_0065812,non_malignant,0,non_malignant,0,non_malignant,0
ISIC_0065818,non_malignant,0,melanoma,1,non_malignant,0
ISIC_0065819,non_malignant,0,non_malignant,0,non_malignant,0
ISIC_0065823,melanoma,1,melanoma,1,melanoma,1
ISIC_0065836,non_malignant,0,non_malignant,0,non_malignant,0
ISIC_0065837,non_malignant,0,melanoma,1,melanoma,1
ISIC_0065849,bcc,2,non_malignant,0,non_malignant,0
ISIC_0065854,non_malignant,0,non_malignant,0,non_malignant,0
ISIC_0065859,non_malignant,0,melanoma,1,non_malignant,0
ISIC_0065862,non_malignant,0,melanoma,1,melanoma,1
ISIC_0065865,non_malignant,0,non_malignant,0,melanoma,1
ISIC_0065874,bcc,2,non_malignant,0,non_malignant,0
ISIC_0065878,non_malignant,0,non_malignant,0,bcc,2
ISIC_0065882,non_malignant,0,non_malignant,0,non_malignant,0
ISIC_0065883,melanoma,1,melanoma,1,melanoma,1
ISIC_0065890,bcc,2,bcc,2,bcc,2
ISIC_0065900,non_malignant,0,non_malignant,0,non_malignant,0
ISIC_0065904,melanoma,1,melanoma,1,melanoma,1
ISIC_0065909,non_malignant,0,non_malignant,0,non_malignant,0
ISIC_0065917,non_malignant,0,non_malignant,0,non_malignant,0
ISIC_0065920,non_malignant,0,non_malignant,0,non_malignant,0
ISIC_0065921,melanoma,1,non_malignant,0,non_malignant,0
ISIC_0065922,bcc,2,bcc,2,bcc,2
ISIC_0065931,non_malignant,0,melanoma,1,melanoma,1
ISIC_0065940,non_malignant,0,melanoma,1,melanoma,1
ISIC_0065944,melanoma,1,melanoma,1,melanoma,1
ISIC_0065951,non_malignant,0,non_malignant,0,non_malignant,0
ISIC_0065962,non_malignant,0,scc,3,melanoma,1
ISIC_0065964,non_malignant,0,scc,3,melanoma,1
ISIC_0065967,non_malignant,0,melanoma,1,melanoma,1
ISIC_0065968,non_malignant,0,non_malignant,0,non_malignant,0
ISIC_0065969,melanoma,1,non_malignant,0,non_malignant,0
ISIC_0065977,non_malignant,0,non_malignant,0,melanoma,1
ISIC_0065980,melanoma,1,melanoma,1,melanoma,1
ISIC_0065986,non_malignant,0,non_malignant,0,non_malignant,0
ISIC_0065987,non_malignant,0,non_malignant,0,non_malignant,0
ISIC_0065990,bcc,2,bcc,2,bcc,2
ISIC_0065995,non_malignant,0,non_malignant,0,non_malignant,0
ISIC_0065997,melanoma,1,melanoma,1,melanoma,1
ISIC_0066007,non_malignant,0,bcc,2,non_malignant,0
ISIC_0066017,non_malignant,0,non_malignant,0,non_malignant,0
ISIC_0066020,bcc,2,bcc,2,bcc,2
ISIC_0066025,non_malignant,0,non_malignant,0,non_malignant,0
ISIC_0066033,non_malignant,0,non_malignant,0,non_malignant,0
ISIC_0066044,bcc,2,bcc,2,bcc,2
ISIC_0066053,non_malignant,0,non_malignant,0,non_malignant,0
ISIC_0066060,non_malignant,0,non_malignant,0,non_malignant,0
ISIC_0066061,melanoma,1,melanoma,1,melanoma,1
ISIC_0066072,non_malignant,0,melanoma,1,bcc,2
ISIC_0066087,non_malignant,0,non_malignant,0,non_malignant,0
ISIC_0066089,non_malignant,0,melanoma,1,melanoma,1
ISIC_0066098,melanoma,1,non_malignant,0,bcc,2
ISIC_0066101,melanoma,1,melanoma,1,melanoma,1
ISIC_0066111,non_malignant,0,melanoma,1,non_malignant,0
ISIC_0066113,non_malignant,0,non_malignant,0,non_malignant,0
ISIC_0066119,bcc,2,melanoma,1,melanoma,1
ISIC_0066121,bcc,2,bcc,2,bcc,2
ISIC_0066122,melanoma,1,melanoma,1,melanoma,1
ISIC_0066131,bcc,2,bcc,2,bcc,2
ISIC_0066148,bcc,2,bcc,2,bcc,2
ISIC_0066163,non_malignant,0,non_malignant,0,non_malignant,0
ISIC_0066164,bcc,2,non_malignant,0,bcc,2
ISIC_0066166,bcc,2,bcc,2,bcc,2
ISIC_0066174,non_malignant,0,non_malignant,0,non_malignant,0
ISIC_0066177,non_malignant,0,non_malignant,0,melanoma,1
ISIC_0066178,non_malignant,0,non_malignant,0,non_malignant,0
ISIC_0066193,non_malignant,0,non_malignant,0,non_malignant,0
ISIC_0066202,bcc,2,bcc,2,bcc,2
ISIC_0066233,bcc,2,bcc,2,bcc,2
ISIC_0066236,non_malignant,0,scc,3,melanoma,1
ISIC_0066252,non_malignant,0,non_malignant,0,non_malignant,0
ISIC_0066254,non_malignant,0,non_malignant,0,non_malignant,0
ISIC_0066256,non_malignant,0,non_malignant,0,melanoma,1
ISIC_0066258,non_malignant,0,non_malignant,0,non_malignant,0
ISIC_0066264,non_malignant,0,non_malignant,0,non_malignant,0
ISIC_0066270,non_malignant,0,non_malignant,0,melanoma,1
ISIC_0066271,bcc,2,non_malignant,0,bcc,2
ISIC_0066288,non_malignant,0,melanoma,1,melanoma,1
ISIC_0066294,non_malignant,0,melanoma,1,melanoma,1
ISIC_0066312,non_malignant,0,melanoma,1,melanoma,1
ISIC_0066313,non_malignant,0,non_malignant,0,non_malignant,0
ISIC_0066314,non_malignant,0,melanoma,1,non_malignant,0
ISIC_0066319,melanoma,1,melanoma,1,melanoma,1
ISIC_0066321,non_malignant,0,non_malignant,0,non_malignant,0
ISIC_0066326,non_malignant,0,non_malignant,0,non_malignant,0
ISIC_0066338,melanoma,1,melanoma,1,non_malignant,0
ISIC_0066339,non_malignant,0,non_malignant,0,non_malignant,0
ISIC_0066342,non_malignant,0,non_malignant,0,non_malignant,0
ISIC_0066344,bcc,2,bcc,2,bcc,2
ISIC_0066345,non_malignant,0,non_malignant,0,bcc,2
ISIC_0066346,non_malignant,0,non_malignant,0,non_malignant,0
ISIC_0066349,non_malignant,0,melanoma,1,non_malignant,0
ISIC_0066350,melanoma,1,melanoma,1,melanoma,1
ISIC_0066362,non_malignant,0,non_malignant,0,non_malignant,0
ISIC_0066367,melanoma,1,melanoma,1,melanoma,1
ISIC_0066384,melanoma,1,melanoma,1,melanoma,1
ISIC_0066390,melanoma,1,melanoma,1,melanoma,1
ISIC_0066396,non_malignant,0,non_malignant,0,non_malignant,0
ISIC_0066397,non_malignant,0,non_malignant,0,non_malignant,0
ISIC_0066398,bcc,2,bcc,2,bcc,2
ISIC_0066401,melanoma,1,melanoma,1,melanoma,1
ISIC_0066403,melanoma,1,non_malignant,0,bcc,2
ISIC_0066404,melanoma,1,melanoma,1,melanoma,1
ISIC_0066405,non_malignant,0,melanoma,1,non_malignant,0
ISIC_0066421,melanoma,1,melanoma,1,melanoma,1
ISIC_0066422,melanoma,1,melanoma,1,melanoma,1
ISIC_0066423,melanoma,1,non_malignant,0,non_malignant,0
ISIC_0066424,non_malignant,0,non_malignant,0,non_malignant,0
ISIC_0066439,non_malignant,0,non_malignant,0,non_malignant,0
ISIC_0066441,bcc,2,melanoma,1,melanoma,1
ISIC_0066446,non_malignant,0,non_malignant,0,non_malignant,0
ISIC_0066448,melanoma,1,non_malignant,0,melanoma,1
ISIC_0066449,bcc,2,melanoma,1,melanoma,1
ISIC_0066454,non_malignant,0,non_malignant,0,bcc,2
ISIC_0066456,non_malignant,0,non_malignant,0,non_malignant,0
ISIC_0066458,non_malignant,0,melanoma,1,non_malignant,0
ISIC_0066462,non_malignant,0,non_malignant,0,non_malignant,0
ISIC_0066479,non_malignant,0,non_malignant,0,non_malignant,0
ISIC_0066481,melanoma,1,melanoma,1,non_malignant,0
ISIC_0066500,melanoma,1,non_malignant,0,melanoma,1
ISIC_0066505,melanoma,1,melanoma,1,melanoma,1
ISIC_0066524,non_malignant,0,non_malignant,0,non_malignant,0
ISIC_0066533,melanoma,1,melanoma,1,melanoma,1
ISIC_0066541,bcc,2,bcc,2,bcc,2
ISIC_0066558,bcc,2,bcc,2,melanoma,1
ISIC_0066564,melanoma,1,bcc,2,melanoma,1
ISIC_0066570,bcc,2,bcc,2,bcc,2
ISIC_0066602,non_malignant,0,non_malignant,0,non_malignant,0
ISIC_0066607,non_malignant,0,non_malignant,0,non_malignant,0
ISIC_0066617,non_malignant,0,non_malignant,0,non_malignant,0
ISIC_0066618,non_malignant,0,non_malignant,0,non_malignant,0
ISIC_0066621,non_malignant,0,non_malignant,0,non_malignant,0
ISIC_0066625,scc,3,bcc,2,bcc,2
ISIC_0066627,melanoma,1,melanoma,1,melanoma,1
ISIC_0066641,non_malignant,0,non_malignant,0,non_malignant,0
ISIC_0066647,non_malignant,0,melanoma,1,melanoma,1
ISIC_0066654,bcc,2,non_malignant,0,bcc,2
ISIC_0066664,scc,3,bcc,2,bcc,2
ISIC_0066666,melanoma,1,melanoma,1,melanoma,1
ISIC_0066668,non_malignant,0,non_malignant,0,non_malignant,0
ISIC_0066692,non_malignant,0,non_malignant,0,non_malignant,0
ISIC_0066694,non_malignant,0,non_malignant,0,non_malignant,0
ISIC_0066698,bcc,2,bcc,2,bcc,2
ISIC_0066701,bcc,2,bcc,2,bcc,2
ISIC_0066702,bcc,2,non_malignant,0,bcc,2
ISIC_0066704,non_malignant,0,non_malignant,0,non_malignant,0
ISIC_0066709,non_malignant,0,non_malignant,0,non_malignant,0
ISIC_0066711,non_malignant,0,non_malignant,0,non_malignant,0
ISIC_0066717,bcc,2,bcc,2,bcc,2
ISIC_0066729,non_malignant,0,melanoma,1,non_malignant,0
ISIC_0066734,melanoma,1,melanoma,1,non_malignant,0
ISIC_0066745,bcc,2,bcc,2,bcc,2
ISIC_0066749,melanoma,1,melanoma,1,melanoma,1
ISIC_0066751,bcc,2,melanoma,1,melanoma,1
ISIC_0066769,melanoma,1,melanoma,1,melanoma,1
ISIC_0066780,non_malignant,0,non_malignant,0,non_malignant,0
ISIC_0066781,scc,3,scc,3,scc,3
ISIC_0066783,melanoma,1,non_malignant,0,non_malignant,0
ISIC_0066784,non_malignant,0,melanoma,1,melanoma,1
ISIC_0066787,scc,3,bcc,2,bcc,2
ISIC_0066796,non_malignant,0,non_malignant,0,non_malignant,0
ISIC_0066798,non_malignant,0,non_malignant,0,non_malignant,0
ISIC_0066805,non_malignant,0,non_malignant,0,non_malignant,0
ISIC_0066818,non_malignant,0,melanoma,1,melanoma,1
ISIC_0066823,bcc,2,bcc,2,bcc,2
ISIC_0066828,non_malignant,0,melanoma,1,melanoma,1
ISIC_0066831,non_malignant,0,melanoma,1,non_malignant,0
ISIC_0066843,non_malignant,0,melanoma,1,melanoma,1
ISIC_0066844,melanoma,1,melanoma,1,melanoma,1
ISIC_0066855,melanoma,1,non_malignant,0,non_malignant,0
ISIC_0066862,non_malignant,0,non_malignant,0,melanoma,1
ISIC_0066876,non_malignant,0,melanoma,1,melanoma,1
ISIC_0066888,melanoma,1,melanoma,1,melanoma,1
ISIC_0066896,non_malignant,0,melanoma,1,melanoma,1
ISIC_0066908,scc,3,scc,3,bcc,2
ISIC_0066919,non_malignant,0,melanoma,1,melanoma,1
ISIC_0066935,melanoma,1,melanoma,1,melanoma,1
ISIC_0066936,scc,3,bcc,2,bcc,2
ISIC_0066938,scc,3,melanoma,1,scc,3
ISIC_0066945,non_malignant,0,melanoma,1,non_malignant,0
ISIC_0066951,scc,3,scc,3,scc,3
ISIC_0066952,melanoma,1,melanoma,1,melanoma,1
ISIC_0066989,non_malignant,0,non_malignant,0,non_malignant,0
ISIC_0067010,non_malignant,0,non_malignant,0,non_malignant,0
ISIC_0067015,non_malignant,0,non_malignant,0,melanoma,1
ISIC_0067027,non_malignant,0,non_malignant,0,non_malignant,0
ISIC_0067029,non_malignant,0,bcc,2,bcc,2
ISIC_0067031,non_malignant,0,non_malignant,0,non_malignant,0
ISIC_0067035,non_malignant,0,non_malignant,0,non_malignant,0
ISIC_0067037,non_malignant,0,melanoma,1,melanoma,1
ISIC_0067039,non_malignant,0,non_malignant,0,melanoma,1
ISIC_0067042,bcc,2,non_malignant,0,bcc,2
ISIC_0067051,bcc,2,bcc,2,bcc,2
ISIC_0067052,scc,3,melanoma,1,bcc,2
ISIC_0067054,melanoma,1,non_malignant,0,non_malignant,0
ISIC_0067057,bcc,2,bcc,2,bcc,2
ISIC_0067067,non_malignant,0,melanoma,1,non_malignant,0
ISIC_0067071,non_malignant,0,non_malignant,0,bcc,2
ISIC_0067075,scc,3,bcc,2,scc,3
ISIC_0067086,non_malignant,0,non_malignant,0,non_malignant,0
ISIC_0067094,non_malignant,0,non_malignant,0,non_malignant,0
ISIC_0067115,scc,3,bcc,2,melanoma,1
ISIC_0067124,non_malignant,0,non_malignant,0,non_malignant,0
ISIC_0067125,non_malignant,0,melanoma,1,bcc,2
ISIC_0067138,non_malignant,0,melanoma,1,melanoma,1
ISIC_0067141,non_malignant,0,non_malignant,0,non_malignant,0
ISIC_0067147,bcc,2,melanoma,1,melanoma,1
ISIC_0067149,non_malignant,0,non_malignant,0,non_malignant,0
ISIC_0067151,melanoma,1,melanoma,1,melanoma,1
ISIC_0067156,non_malignant,0,non_malignant,0,non_malignant,0
ISIC_0067161,non_malignant,0,melanoma,1,melanoma,1
ISIC_0067165,non_malignant,0,non_malignant,0,non_malignant,0
ISIC_0067173,non_malignant,0,melanoma,1,melanoma,1
ISIC_0067178,non_malignant,0,non_malignant,0,non_malignant,0
ISIC_0067199,non_malignant,0,non_malignant,0,scc,3
ISIC_0067210,melanoma,1,melanoma,1,melanoma,1
ISIC_0067217,non_malignant,0,non_malignant,0,non_malignant,0
ISIC_0067226,non_malignant,0,non_malignant,0,melanoma,1
ISIC_0067228,bcc,2,bcc,2,bcc,2
ISIC_0067234,non_malignant,0,melanoma,1,non_malignant,0
ISIC_0067236,non_malignant,0,non_malignant,0,non_malignant,0
ISIC_0067243,melanoma,1,melanoma,1,melanoma,1
ISIC_0067251,bcc,2,bcc,2,bcc,2
ISIC_0067253,melanoma,1,non_malignant,0,melanoma,1
ISIC_0067257,non_malignant,0,non_malignant,0,non_malignant,0
ISIC_0067272,bcc,2,bcc,2,bcc,2
ISIC_0067273,non_malignant,0,melanoma,1,melanoma,1
ISIC_0067277,bcc,2,non_malignant,0,non_malignant,0
ISIC_0067283,non_malignant,0,non_malignant,0,non_malignant,0
ISIC_0067284,melanoma,1,melanoma,1,bcc,2
ISIC_0067285,non_malignant,0,non_malignant,0,bcc,2
ISIC_0067292,non_malignant,0,non_malignant,0,non_malignant,0
ISIC_0067294,non_malignant,0,non_malignant,0,melanoma,1
ISIC_0067299,non_malignant,0,non_malignant,0,bcc,2
ISIC_0067302,bcc,2,bcc,2,bcc,2
ISIC_0067306,non_malignant,0,non_malignant,0,non_malignant,0
ISIC_0067320,non_malignant,0,non_malignant,0,non_malignant,0
ISIC_0067321,non_malignant,0,non_malignant,0,non_malignant,0
ISIC_0067323,non_malignant,0,scc,3,melanoma,1
ISIC_0067326,melanoma,1,melanoma,1,melanoma,1
ISIC_0067337,bcc,2,bcc,2,bcc,2
ISIC_0067340,non_malignant,0,non_malignant,0,non_malignant,0
ISIC_0067366,non_malignant,0,melanoma,1,non_malignant,0
ISIC_0067409,bcc,2,melanoma,1,melanoma,1
ISIC_0067412,non_malignant,0,non_malignant,0,non_malignant,0
ISIC_0067414,non_malignant,0,non_malignant,0,non_malignant,0
ISIC_0067424,non_malignant,0,non_malignant,0,non_malignant,0
ISIC_0067429,bcc,2,scc,3,melanoma,1
ISIC_0067445,non_malignant,0,non_malignant,0,non_malignant,0
ISIC_0067448,non_malignant,0,non_malignant,0,non_malignant,0
ISIC_0067455,non_malignant,0,non_malignant,0,non_malignant,0
ISIC_0067457,non_malignant,0,non_malignant,0,non_malignant,0
ISIC_0067459,non_malignant,0,non_malignant,0,non_malignant,0
ISIC_0067469,non_malignant,0,non_malignant,0,non_malignant,0
ISIC_0067477,non_malignant,0,non_malignant,0,non_malignant,0
ISIC_0067478,non_malignant,0,non_malignant,0,non_malignant,0
ISIC_0067484,non_malignant,0,non_malignant,0,non_malignant,0
ISIC_0067487,melanoma,1,melanoma,1,non_malignant,0
ISIC_0067497,bcc,2,bcc,2,bcc,2
ISIC_0067501,non_malignant,0,non_malignant,0,melanoma,1
ISIC_0067506,non_malignant,0,non_malignant,0,non_malignant,0
ISIC_0067517,non_malignant,0,non_malignant,0,non_malignant,0
ISIC_0067526,non_malignant,0,non_malignant,0,non_malignant,0
ISIC_0067559,non_malignant,0,scc,3,scc,3
ISIC_0067567,melanoma,1,melanoma,1,melanoma,1
ISIC_0067577,melanoma,1,melanoma,1,melanoma,1
ISIC_0067586,non_malignant,0,non_malignant,0,non_malignant,0
ISIC_0067587,non_malignant,0,bcc,2,bcc,2
ISIC_0067595,bcc,2,bcc,2,bcc,2
ISIC_0067605,bcc,2,bcc,2,non_malignant,0
ISIC_0067612,non_malignant,0,non_malignant,0,non_malignant,0
ISIC_0067613,non_malignant,0,non_malignant,0,melanoma,1
ISIC_0067614,melanoma,1,melanoma,1,melanoma,1
ISIC_0067623,non_malignant,0,melanoma,1,bcc,2
ISIC_0067631,non_malignant,0,scc,3,bcc,2
ISIC_0067637,non_malignant,0,non_malignant,0,non_malignant,0
ISIC_0067638,bcc,2,bcc,2,bcc,2
ISIC_0067645,non_malignant,0,non_malignant,0,non_malignant,0
ISIC_0067650,non_malignant,0,non_malignant,0,non_malignant,0
ISIC_0067653,melanoma,1,scc,3,melanoma,1
ISIC_0067669,non_malignant,0,non_malignant,0,non_malignant,0
ISIC_0067670,non_malignant,0,melanoma,1,melanoma,1
ISIC_0067673,non_malignant,0,non_malignant,0,melanoma,1
ISIC_0067679,bcc,2,bcc,2,bcc,2
ISIC_0067682,non_malignant,0,non_malignant,0,non_malignant,0
ISIC_0067684,non_malignant,0,non_malignant,0,non_malignant,0
ISIC_0067689,melanoma,1,melanoma,1,melanoma,1
ISIC_0067692,non_malignant,0,non_malignant,0,non_malignant,0
ISIC_0067700,non_malignant,0,non_malignant,0,non_malignant,0
ISIC_0067703,non_malignant,0,non_malignant,0,non_malignant,0
ISIC_0067710,non_malignant,0,non_malignant,0,non_malignant,0
ISIC_0067723,non_malignant,0,non_malignant,0,non_malignant,0
ISIC_0067727,non_malignant,0,non_malignant,0,non_malignant,0
ISIC_0067730,bcc,2,non_malignant,0,bcc,2
ISIC_0067741,non_malignant,0,non_malignant,0,non_malignant,0
ISIC_0067750,non_malignant,0,melanoma,1,non_malignant,0
ISIC_0067751,non_malignant,0,non_malignant,0,non_malignant,0
ISIC_0067756,melanoma,1,melanoma,1,melanoma,1
ISIC_0067760,non_malignant,0,non_malignant,0,non_malignant,0
ISIC_0067762,non_malignant,0,bcc,2,non_malignant,0
ISIC_0067763,non_malignant,0,non_malignant,0,non_malignant,0
ISIC_0067771,non_malignant,0,non_malignant,0,non_malignant,0
ISIC_0067790,non_malignant,0,non_malignant,0,non_malignant,0
ISIC_0067798,melanoma,1,melanoma,1,melanoma,1
ISIC_0067801,non_malignant,0,non_malignant,0,non_malignant,0
ISIC_0067805,melanoma,1,melanoma,1,melanoma,1
ISIC_0067809,non_malignant,0,non_malignant,0,melanoma,1
ISIC_0067830,melanoma,1,non_malignant,0,non_malignant,0
ISIC_0067858,non_malignant,0,non_malignant,0,non_malignant,0
ISIC_0067860,non_malignant,0,non_malignant,0,non_malignant,0
ISIC_0067863,non_malignant,0,non_malignant,0,non_malignant,0
ISIC_0067864,non_malignant,0,non_malignant,0,non_malignant,0
ISIC_0067866,non_malignant,0,non_malignant,0,non_malignant,0
ISIC_0067870,non_malignant,0,non_malignant,0,non_malignant,0
ISIC_0067874,non_malignant,0,non_malignant,0,non_malignant,0
ISIC_0067888,non_malignant,0,melanoma,1,melanoma,1
ISIC_0067892,bcc,2,bcc,2,bcc,2
ISIC_0067896,melanoma,1,melanoma,1,melanoma,1
ISIC_0067905,melanoma,1,non_malignant,0,non_malignant,0
ISIC_0067906,non_malignant,0,non_malignant,0,non_malignant,0
ISIC_0067910,bcc,2,bcc,2,bcc,2
ISIC_0067915,non_malignant,0,non_malignant,0,non_malignant,0
ISIC_0067916,non_malignant,0,non_malignant,0,melanoma,1
ISIC_0067932,non_malignant,0,non_malignant,0,non_malignant,0
ISIC_0067937,non_malignant,0,melanoma,1,melanoma,1
ISIC_0067946,non_malignant,0,non_malignant,0,non_malignant,0
ISIC_0067947,melanoma,1,melanoma,1,melanoma,1
ISIC_0067957,scc,3,non_malignant,0,bcc,2
ISIC_0067961,non_malignant,0,non_malignant,0,non_malignant,0
ISIC_0067966,non_malignant,0,bcc,2,bcc,2
ISIC_0067967,bcc,2,melanoma,1,melanoma,1
ISIC_0067970,non_malignant,0,non_malignant,0,non_malignant,0
ISIC_0067971,scc,3,bcc,2,melanoma,1
ISIC_0067972,melanoma,1,non_malignant,0,non_malignant,0
ISIC_0067983,non_malignant,0,non_malignant,0,non_malignant,0
ISIC_0067995,non_malignant,0,melanoma,1,melanoma,1
ISIC_0068004,bcc,2,bcc,2,bcc,2
ISIC_0068009,non_malignant,0,non_malignant,0,non_malignant,0
ISIC_0068012,melanoma,1,non_malignant,0,non_malignant,0
ISIC_0068017,bcc,2,bcc,2,bcc,2
ISIC_0068021,bcc,2,bcc,2,bcc,2
ISIC_0068025,bcc,2,bcc,2,bcc,2
ISIC_0068030,bcc,2,bcc,2,bcc,2
ISIC_0068033,bcc,2,bcc,2,bcc,2
ISIC_0068040,non_malignant,0,melanoma,1,non_malignant,0
ISIC_0068056,non_malignant,0,non_malignant,0,non_malignant,0
ISIC_0068058,non_malignant,0,non_malignant,0,melanoma,1
ISIC_0068062,non_malignant,0,non_malignant,0,non_malignant,0
ISIC_0068067,scc,3,scc,3,scc,3
ISIC_0068074,melanoma,1,melanoma,1,melanoma,1
ISIC_0068081,non_malignant,0,non_malignant,0,non_malignant,0
ISIC_0068084,non_malignant,0,melanoma,1,melanoma,1
ISIC_0068090,non_malignant,0,non_malignant,0,non_malignant,0
ISIC_0068101,bcc,2,bcc,2,scc,3
ISIC_0068115,melanoma,1,melanoma,1,melanoma,1
ISIC_0068116,melanoma,1,melanoma,1,bcc,2
ISIC_0068122,non_malignant,0,non_malignant,0,melanoma,1
ISIC_0068138,bcc,2,bcc,2,bcc,2
ISIC_0068141,non_malignant,0,melanoma,1,melanoma,1
ISIC_0068144,non_malignant,0,non_malignant,0,non_malignant,0
ISIC_0068151,non_malignant,0,non_malignant,0,non_malignant,0
ISIC_0068156,non_malignant,0,non_malignant,0,non_malignant,0
ISIC_0068158,non_malignant,0,non_malignant,0,non_malignant,0
ISIC_0068164,melanoma,1,melanoma,1,melanoma,1
ISIC_0068168,non_malignant,0,non_malignant,0,bcc,2
ISIC_0068169,bcc,2,bcc,2,bcc,2
ISIC_0068171,non_malignant,0,non_malignant,0,non_malignant,0
ISIC_0068174,non_malignant,0,non_malignant,0,non_malignant,0
ISIC_0068179,non_malignant,0,non_malignant,0,non_malignant,0
ISIC_0068180,non_malignant,0,melanoma,1,non_malignant,0
ISIC_0068184,non_malignant,0,melanoma,1,melanoma,1
ISIC_0068185,non_malignant,0,melanoma,1,non_malignant,0
ISIC_0068198,non_malignant,0,non_malignant,0,bcc,2
ISIC_0068205,non_malignant,0,non_malignant,0,non_malignant,0
ISIC_0068215,non_malignant,0,non_malignant,0,non_malignant,0
ISIC_0068225,non_malignant,0,non_malignant,0,non_malignant,0
ISIC_0068260,bcc,2,bcc,2,melanoma,1
ISIC_0068264,non_malignant,0,non_malignant,0,non_malignant,0
ISIC_0068266,scc,3,bcc,2,melanoma,1
ISIC_0068275,melanoma,1,melanoma,1,melanoma,1
ISIC_0068281,non_malignant,0,bcc,2,non_malignant,0
ISIC_0068285,non_malignant,0,non_malignant,0,non_malignant,0
ISIC_0068287,bcc,2,scc,3,melanoma,1
ISIC_0068291,melanoma,1,melanoma,1,melanoma,1
ISIC_0068293,non_malignant,0,melanoma,1,non_malignant,0
ISIC_0068294,melanoma,1,melanoma,1,bcc,2
ISIC_0068303,melanoma,1,melanoma,1,melanoma,1
ISIC_0068309,melanoma,1,melanoma,1,melanoma,1
ISIC_0068329,non_malignant,0,melanoma,1,non_malignant,0
ISIC_0068337,non_malignant,0,bcc,2,bcc,2
ISIC_0068343,melanoma,1,melanoma,1,melanoma,1
ISIC_0068350,non_malignant,0,bcc,2,non_malignant,0
ISIC_0068351,non_malignant,0,melanoma,1,non_malignant,0
ISIC_0068357,non_malignant,0,non_malignant,0,non_malignant,0
ISIC_0068366,non_malignant,0,non_malignant,0,non_malignant,0
ISIC_0068374,non_malignant,0,non_malignant,0,non_malignant,0
ISIC_0068379,non_malignant,0,melanoma,1,non_malignant,0
ISIC_0068380,scc,3,bcc,2,bcc,2
ISIC_0068381,melanoma,1,melanoma,1,melanoma,1
ISIC_0068389,non_malignant,0,non_malignant,0,non_malignant,0
ISIC_0068397,non_malignant,0,non_malignant,0,non_malignant,0
ISIC_0068414,non_malignant,0,non_malignant,0,non_malignant,0
ISIC_0068425,non_malignant,0,non_malignant,0,non_malignant,0
ISIC_0068429,non_malignant,0,non_malignant,0,non_malignant,0
ISIC_0068434,non_malignant,0,melanoma,1,melanoma,1
ISIC_0068439,non_malignant,0,non_malignant,0,melanoma,1
ISIC_0068456,non_malignant,0,non_malignant,0,non_malignant,0
ISIC_0068457,non_malignant,0,non_malignant,0,non_malignant,0
ISIC_0068466,non_malignant,0,non_malignant,0,non_malignant,0
ISIC_0068471,non_malignant,0,non_malignant,0,non_malignant,0
ISIC_0068473,non_malignant,0,non_malignant,0,non_malignant,0
ISIC_0068475,non_malignant,0,non_malignant,0,non_malignant,0
ISIC_0068478,non_malignant,0,non_malignant,0,bcc,2
ISIC_0068480,bcc,2,bcc,2,bcc,2
ISIC_0068482,scc,3,non_malignant,0,bcc,2
ISIC_0068484,non_malignant,0,non_malignant,0,bcc,2
ISIC_0068487,non_malignant,0,non_malignant,0,non_malignant,0
ISIC_0068488,melanoma,1,melanoma,1,melanoma,1
ISIC_0068500,non_malignant,0,non_malignant,0,non_malignant,0
ISIC_0068529,bcc,2,melanoma,1,melanoma,1
ISIC_0068531,non_malignant,0,non_malignant,0,melanoma,1
ISIC_0068538,non_malignant,0,non_malignant,0,melanoma,1
ISIC_0068561,non_malignant,0,bcc,2,non_malignant,0
ISIC_0068566,non_malignant,0,non_malignant,0,non_malignant,0
ISIC_0068569,non_malignant,0,non_malignant,0,non_malignant,0
ISIC_0068574,non_malignant,0,melanoma,1,non_malignant,0
ISIC_0068575,non_malignant,0,melanoma,1,melanoma,1
ISIC_0068584,melanoma,1,non_malignant,0,melanoma,1
ISIC_0068585,bcc,2,bcc,2,bcc,2
ISIC_0068595,non_malignant,0,non_malignant,0,non_malignant,0
ISIC_0068598,bcc,2,bcc,2,bcc,2
ISIC_0068619,non_malignant,0,non_malignant,0,non_malignant,0
ISIC_0068654,non_malignant,0,melanoma,1,melanoma,1
ISIC_0068655,non_malignant,0,non_malignant,0,non_malignant,0
ISIC_0068659,bcc,2,bcc,2,bcc,2
ISIC_0068661,non_malignant,0,melanoma,1,melanoma,1
ISIC_0068666,scc,3,bcc,2,scc,3
ISIC_0068677,melanoma,1,melanoma,1,melanoma,1
ISIC_0068681,non_malignant,0,melanoma,1,melanoma,1
ISIC_0068682,melanoma,1,melanoma,1,melanoma,1
ISIC_0068691,non_malignant,0,non_malignant,0,non_malignant,0
ISIC_0068696,melanoma,1,melanoma,1,melanoma,1
ISIC_0068707,bcc,2,bcc,2,bcc,2
ISIC_0068711,non_malignant,0,non_malignant,0,non_malignant,0
ISIC_0068712,non_malignant,0,non_malignant,0,non_malignant,0
ISIC_0068718,non_malignant,0,melanoma,1,melanoma,1
ISIC_0068721,melanoma,1,non_malignant,0,non_malignant,0
ISIC_0068726,non_malignant,0,bcc,2,non_malignant,0
ISIC_0068728,non_malignant,0,melanoma,1,melanoma,1
ISIC_0068734,non_malignant,0,non_malignant,0,non_malignant,0
ISIC_0068735,non_malignant,0,non_malignant,0,non_malignant,0
ISIC_0068737,non_malignant,0,non_malignant,0,non_malignant,0
ISIC_0068741,non_malignant,0,non_malignant,0,bcc,2
ISIC_0068742,bcc,2,non_malignant,0,bcc,2
ISIC_0068763,melanoma,1,melanoma,1,melanoma,1
ISIC_0068765,non_malignant,0,non_malignant,0,non_malignant,0
ISIC_0068768,melanoma,1,melanoma,1,melanoma,1
ISIC_0068782,melanoma,1,melanoma,1,melanoma,1
ISIC_0068792,bcc,2,bcc,2,bcc,2
ISIC_0068806,non_malignant,0,melanoma,1,melanoma,1
ISIC_0068813,bcc,2,bcc,2,bcc,2
ISIC_0068814,non_malignant,0,melanoma,1,melanoma,1
ISIC_0068818,melanoma,1,non_malignant,0,melanoma,1
ISIC_0068820,non_malignant,0,non_malignant,0,non_malignant,0
ISIC_0068829,non_malignant,0,non_malignant,0,non_malignant,0
ISIC_0068837,non_malignant,0,non_malignant,0,non_malignant,0
ISIC_0068840,melanoma,1,melanoma,1,melanoma,1
ISIC_0068853,non_malignant,0,non_malignant,0,non_malignant,0
ISIC_0068863,non_malignant,0,melanoma,1,bcc,2
ISIC_0068864,non_malignant,0,non_malignant,0,non_malignant,0
ISIC_0068865,non_malignant,0,bcc,2,bcc,2
ISIC_0068869,bcc,2,melanoma,1,bcc,2
ISIC_0068870,non_malignant,0,melanoma,1,non_malignant,0
ISIC_0068883,non_malignant,0,non_malignant,0,melanoma,1
ISIC_0068887,non_malignant,0,non_malignant,0,non_malignant,0
ISIC_0068890,non_malignant,0,bcc,2,scc,3
ISIC_0068896,non_malignant,0,scc,3,melanoma,1
ISIC_0068899,bcc,2,bcc,2,bcc,2
ISIC_0068900,melanoma,1,bcc,2,melanoma,1
ISIC_0068916,non_malignant,0,bcc,2,bcc,2
ISIC_0068922,non_malignant,0,melanoma,1,non_malignant,0
ISIC_0068931,melanoma,1,melanoma,1,non_malignant,0
ISIC_0068935,non_malignant,0,non_malignant,0,non_malignant,0
ISIC_0068950,melanoma,1,melanoma,1,non_malignant,0
ISIC_0068952,non_malignant,0,bcc,2,bcc,2
ISIC_0068954,bcc,2,melanoma,1,melanoma,1
ISIC_0068959,non_malignant,0,non_malignant,0,bcc,2
ISIC_0068964,non_malignant,0,melanoma,1,melanoma,1
ISIC_0068978,non_malignant,0,non_malignant,0,non_malignant,0
ISIC_0069003,melanoma,1,non_malignant,0,bcc,2
ISIC_0069026,non_malignant,0,non_malignant,0,non_malignant,0
ISIC_0069033,non_malignant,0,non_malignant,0,non_malignant,0
ISIC_0069036,bcc,2,bcc,2,bcc,2
ISIC_0069050,non_malignant,0,non_malignant,0,non_malignant,0
ISIC_0069056,non_malignant,0,non_malignant,0,non_malignant,0
ISIC_0069057,non_malignant,0,non_malignant,0,non_malignant,0
ISIC_0069063,melanoma,1,melanoma,1,melanoma,1
ISIC_0069066,bcc,2,non_malignant,0,non_malignant,0
ISIC_0069068,melanoma,1,non_malignant,0,melanoma,1
ISIC_0069069,non_malignant,0,non_malignant,0,non_malignant,0
ISIC_0069073,non_malignant,0,non_malignant,0,melanoma,1
ISIC_0069086,scc,3,scc,3,scc,3
ISIC_0069091,melanoma,1,melanoma,1,melanoma,1
ISIC_0069101,non_malignant,0,non_malignant,0,melanoma,1
ISIC_0069106,non_malignant,0,non_malignant,0,melanoma,1
ISIC_0069110,non_malignant,0,melanoma,1,melanoma,1
ISIC_0069134,non_malignant,0,bcc,2,bcc,2
ISIC_0069136,non_malignant,0,non_malignant,0,non_malignant,0
ISIC_0069142,non_malignant,0,melanoma,1,non_malignant,0
ISIC_0069153,bcc,2,bcc,2,scc,3
ISIC_0069160,non_malignant,0,non_malignant,0,non_malignant,0
ISIC_0069162,non_malignant,0,bcc,2,bcc,2
ISIC_0069177,non_malignant,0,non_malignant,0,non_malignant,0
ISIC_0069181,scc,3,melanoma,1,melanoma,1
ISIC_0069183,non_malignant,0,non_malignant,0,non_malignant,0
ISIC_0069184,bcc,2,bcc,2,scc,3
ISIC_0069190,non_malignant,0,non_malignant,0,non_malignant,0
ISIC_0069191,bcc,2,non_malignant,0,bcc,2
ISIC_0069198,non_malignant,0,non_malignant,0,non_malignant,0
ISIC_0069203,bcc,2,bcc,2,bcc,2
ISIC_0069204,melanoma,1,melanoma,1,melanoma,1
ISIC_0069205,non_malignant,0,non_malignant,0,non_malignant,0
ISIC_0069207,non_malignant,0,melanoma,1,non_malignant,0
ISIC_0069212,non_malignant,0,melanoma,1,melanoma,1
ISIC_0069220,scc,3,scc,3,scc,3
ISIC_0069226,non_malignant,0,non_malignant,0,non_malignant,0
ISIC_0069229,non_malignant,0,non_malignant,0,non_malignant,0
ISIC_0069239,non_malignant,0,non_malignant,0,non_malignant,0
ISIC_0069240,non_malignant,0,bcc,2,non_malignant,0
ISIC_0069242,non_malignant,0,non_malignant,0,bcc,2
ISIC_0069244,bcc,2,bcc,2,bcc,2
ISIC_0069247,non_malignant,0,non_malignant,0,non_malignant,0
ISIC_0069250,melanoma,1,melanoma,1,melanoma,1
ISIC_0069276,non_malignant,0,melanoma,1,bcc,2
ISIC_0069293,melanoma,1,scc,3,melanoma,1
ISIC_0069302,non_malignant,0,non_malignant,0,non_malignant,0
ISIC_0069316,non_malignant,0,bcc,2,bcc,2
ISIC_0069327,non_malignant,0,melanoma,1,melanoma,1
ISIC_0069330,non_malignant,0,non_malignant,0,non_malignant,0
ISIC_0069339,non_malignant,0,non_malignant,0,non_malignant,0
ISIC_0069341,non_malignant,0,non_malignant,0,non_malignant,0
ISIC_0069343,non_malignant,0,non_malignant,0,non_malignant,0
ISIC_0069345,bcc,2,bcc,2,bcc,2
ISIC_0069348,non_malignant,0,non_malignant,0,non_malignant,0
ISIC_0069356,non_malignant,0,bcc,2,bcc,2
ISIC_0069362,bcc,2,melanoma,1,melanoma,1
ISIC_0069364,non_malignant,0,non_malignant,0,non_malignant,0
ISIC_0069367,non_malignant,0,non_malignant,0,non_malignant,0
ISIC_0069370,melanoma,1,bcc,2,melanoma,1
ISIC_0069381,melanoma,1,melanoma,1,melanoma,1
ISIC_0069383,non_malignant,0,non_malignant,0,non_malignant,0
ISIC_0069394,non_malignant,0,non_malignant,0,non_malignant,0
ISIC_0069396,non_malignant,0,melanoma,1,non_malignant,0
ISIC_0069414,non_malignant,0,non_malignant,0,non_malignant,0
ISIC_0069419,scc,3,scc,3,scc,3
ISIC_0069422,bcc,2,non_malignant,0,bcc,2
ISIC_0069435,non_malignant,0,non_malignant,0,non_malignant,0
ISIC_0069439,non_malignant,0,non_malignant,0,non_malignant,0
ISIC_0069440,non_malignant,0,melanoma,1,melanoma,1
ISIC_0069441,non_malignant,0,non_malignant,0,non_malignant,0
ISIC_0069443,bcc,2,bcc,2,bcc,2
ISIC_0069447,non_malignant,0,non_malignant,0,melanoma,1
ISIC_0069450,non_malignant,0,non_malignant,0,bcc,2
ISIC_0069453,non_malignant,0,melanoma,1,melanoma,1
ISIC_0069455,non_malignant,0,non_malignant,0,non_malignant,0
ISIC_0069471,non_malignant,0,non_malignant,0,non_malignant,0
ISIC_0069472,non_malignant,0,scc,3,non_malignant,0
ISIC_0069476,bcc,2,scc,3,non_malignant,0
ISIC_0069485,bcc,2,bcc,2,bcc,2
ISIC_0069488,melanoma,1,non_malignant,0,melanoma,1
ISIC_0069490,non_malignant,0,bcc,2,bcc,2
ISIC_0069493,bcc,2,non_malignant,0,bcc,2
ISIC_0069495,non_malignant,0,non_malignant,0,non_malignant,0
ISIC_0069504,melanoma,1,melanoma,1,melanoma,1
ISIC_0069508,melanoma,1,melanoma,1,melanoma,1
ISIC_0069510,non_malignant,0,non_malignant,0,non_malignant,0
ISIC_0069519,non_malignant,0,non_malignant,0,non_malignant,0
ISIC_0069530,non_malignant,0,non_malignant,0,non_malignant,0
ISIC_0069542,non_malignant,0,non_malignant,0,non_malignant,0
ISIC_0069545,non_malignant,0,bcc,2,bcc,2
ISIC_0069546,non_malignant,0,non_malignant,0,non_malignant,0
ISIC_0069549,non_malignant,0,non_malignant,0,non_malignant,0
ISIC_0069552,non_malignant,0,melanoma,1,melanoma,1
ISIC_0069557,bcc,2,bcc,2,bcc,2
ISIC_0069560,non_malignant,0,non_malignant,0,non_malignant,0
ISIC_0069561,non_malignant,0,non_malignant,0,melanoma,1
ISIC_0069562,non_malignant,0,melanoma,1,melanoma,1
ISIC_0069581,non_malignant,0,melanoma,1,non_malignant,0
ISIC_0069583,melanoma,1,non_malignant,0,non_malignant,0
ISIC_0069584,non_malignant,0,non_malignant,0,non_malignant,0
ISIC_0069589,bcc,2,melanoma,1,non_malignant,0
ISIC_0069603,non_malignant,0,non_malignant,0,non_malignant,0
ISIC_0069604,bcc,2,bcc,2,bcc,2
ISIC_0069610,non_malignant,0,bcc,2,bcc,2
ISIC_0069611,non_malignant,0,non_malignant,0,non_malignant,0
ISIC_0069617,melanoma,1,non_malignant,0,bcc,2
ISIC_0069618,non_malignant,0,non_malignant,0,non_malignant,0
ISIC_0069626,melanoma,1,melanoma,1,melanoma,1
ISIC_0069639,bcc,2,bcc,2,bcc,2
ISIC_0069646,bcc,2,bcc,2,bcc,2
ISIC_0069655,non_malignant,0,scc,3,scc,3
ISIC_0069659,bcc,2,bcc,2,bcc,2
ISIC_0069661,non_malignant,0,non_malignant,0,non_malignant,0
ISIC_0069673,non_malignant,0,scc,3,scc,3
ISIC_0069676,non_malignant,0,non_malignant,0,non_malignant,0
ISIC_0069678,non_malignant,0,non_malignant,0,non_malignant,0
ISIC_0069687,non_malignant,0,non_malignant,0,melanoma,1
ISIC_0069712,bcc,2,bcc,2,bcc,2
ISIC_0069718,bcc,2,bcc,2,bcc,2
ISIC_0069735,non_malignant,0,non_malignant,0,non_malignant,0
ISIC_0069760,non_malignant,0,bcc,2,non_malignant,0
ISIC_0069761,non_malignant,0,melanoma,1,melanoma,1
ISIC_0069768,non_malignant,0,bcc,2,bcc,2
ISIC_0069770,non_malignant,0,non_malignant,0,non_malignant,0
ISIC_0069777,bcc,2,bcc,2,bcc,2
ISIC_0069780,non_malignant,0,non_malignant,0,non_malignant,0
ISIC_0069800,non_malignant,0,melanoma,1,melanoma,1
ISIC_0069805,non_malignant,0,non_malignant,0,melanoma,1
ISIC_0069813,bcc,2,bcc,2,bcc,2
ISIC_0069821,melanoma,1,melanoma,1,melanoma,1
ISIC_0069832,non_malignant,0,non_malignant,0,non_malignant,0
ISIC_0069838,non_malignant,0,melanoma,1,melanoma,1
ISIC_0069847,non_malignant,0,non_malignant,0,non_malignant,0
ISIC_0069848,non_malignant,0,scc,3,scc,3
ISIC_0069858,non_malignant,0,non_malignant,0,non_malignant,0
ISIC_0069864,melanoma,1,melanoma,1,non_malignant,0
ISIC_0069875,non_malignant,0,scc,3,scc,3
ISIC_0069877,non_malignant,0,non_malignant,0,non_malignant,0
ISIC_0069881,non_malignant,0,non_malignant,0,non_malignant,0
ISIC_0069882,non_malignant,0,melanoma,1,non_malignant,0
ISIC_0069901,non_malignant,0,scc,3,melanoma,1
ISIC_0069908,melanoma,1,non_malignant,0,non_malignant,0
ISIC_0069910,non_malignant,0,non_malignant,0,non_malignant,0
ISIC_0069911,non_malignant,0,non_malignant,0,melanoma,1
ISIC_0069919,non_malignant,0,melanoma,1,melanoma,1
ISIC_0069924,non_malignant,0,non_malignant,0,non_malignant,0
ISIC_0069929,melanoma,1,melanoma,1,melanoma,1
ISIC_0069930,non_malignant,0,non_malignant,0,non_malignant,0
ISIC_0069944,non_malignant,0,non_malignant,0,non_malignant,0
ISIC_0069947,non_malignant,0,non_malignant,0,non_malignant,0
ISIC_0069948,scc,3,bcc,2,scc,3
ISIC_0069952,non_malignant,0,non_malignant,0,non_malignant,0
ISIC_0069965,non_malignant,0,melanoma,1,melanoma,1
ISIC_0069967,melanoma,1,melanoma,1,melanoma,1
ISIC_0069984,melanoma,1,melanoma,1,melanoma,1
ISIC_0069990,non_malignant,0,non_malignant,0,non_malignant,0
ISIC_0069992,non_malignant,0,non_malignant,0,non_malignant,0
ISIC_0070003,non_malignant,0,non_malignant,0,scc,3
ISIC_0070020,melanoma,1,melanoma,1,melanoma,1
ISIC_0070025,non_malignant,0,non_malignant,0,non_malignant,0
ISIC_0070042,non_malignant,0,non_malignant,0,non_malignant,0
ISIC_0070048,non_malignant,0,non_malignant,0,non_malignant,0
ISIC_0070069,non_malignant,0,non_malignant,0,non_malignant,0
ISIC_0070070,melanoma,1,melanoma,1,melanoma,1
ISIC_0070079,non_malignant,0,non_malignant,0,non_malignant,0
ISIC_0070082,non_malignant,0,non_malignant,0,non_malignant,0
ISIC_0070083,scc,3,scc,3,bcc,2
ISIC_0070092,melanoma,1,melanoma,1,melanoma,1
ISIC_0070103,non_malignant,0,non_malignant,0,non_malignant,0
ISIC_0070111,melanoma,1,melanoma,1,melanoma,1
ISIC_0070122,non_malignant,0,non_malignant,0,non_malignant,0
ISIC_0070130,non_malignant,0,non_malignant,0,melanoma,1
ISIC_0070132,non_malignant,0,non_malignant,0,bcc,2
ISIC_0070133,non_malignant,0,non_malignant,0,bcc,2
ISIC_0070176,non_malignant,0,melanoma,1,non_malignant,0
ISIC_0070184,non_malignant,0,melanoma,1,non_malignant,0
ISIC_0070187,non_malignant,0,melanoma,1,melanoma,1
ISIC_0070199,bcc,2,bcc,2,bcc,2
ISIC_0070204,bcc,2,bcc,2,bcc,2
ISIC_0070207,melanoma,1,bcc,2,bcc,2
ISIC_0070208,non_malignant,0,non_malignant,0,melanoma,1
ISIC_0070210,non_malignant,0,melanoma,1,non_malignant,0
ISIC_0070213,scc,3,scc,3,bcc,2
ISIC_0070225,non_malignant,0,bcc,2,non_malignant,0
ISIC_0070227,melanoma,1,non_malignant,0,bcc,2
ISIC_0070236,bcc,2,non_malignant,0,melanoma,1
ISIC_0070238,non_malignant,0,bcc,2,bcc,2
ISIC_0070246,melanoma,1,melanoma,1,melanoma,1
ISIC_0070253,melanoma,1,melanoma,1,melanoma,1
ISIC_0070281,non_malignant,0,non_malignant,0,non_malignant,0
ISIC_0070283,melanoma,1,bcc,2,bcc,2
ISIC_0070285,melanoma,1,melanoma,1,melanoma,1
ISIC_0070291,non_malignant,0,non_malignant,0,non_malignant,0
ISIC_0070293,non_malignant,0,non_malignant,0,non_malignant,0
ISIC_0070295,bcc,2,melanoma,1,melanoma,1
ISIC_0070300,non_malignant,0,scc,3,scc,3
ISIC_0070304,non_malignant,0,non_malignant,0,non_malignant,0
ISIC_0070306,non_malignant,0,melanoma,1,non_malignant,0
ISIC_0070310,non_malignant,0,non_malignant,0,non_malignant,0
ISIC_0070312,bcc,2,bcc,2,bcc,2
ISIC_0070317,non_malignant,0,non_malignant,0,non_malignant,0
ISIC_0070329,non_malignant,0,bcc,2,bcc,2
ISIC_0070344,melanoma,1,melanoma,1,melanoma,1
ISIC_0070356,non_malignant,0,non_malignant,0,bcc,2
ISIC_0070357,non_malignant,0,non_malignant,0,non_malignant,0
ISIC_0070373,non_malignant,0,non_malignant,0,non_malignant,0
ISIC_0070374,melanoma,1,melanoma,1,melanoma,1
ISIC_0070375,non_malignant,0,non_malignant,0,non_malignant,0
ISIC_0070403,melanoma,1,melanoma,1,melanoma,1
ISIC_0070410,melanoma,1,melanoma,1,melanoma,1
ISIC_0070415,non_malignant,0,non_malignant,0,melanoma,1
ISIC_0070421,scc,3,melanoma,1,scc,3
ISIC_0070435,melanoma,1,scc,3,melanoma,1
ISIC_0070445,scc,3,non_malignant,0,bcc,2
ISIC_0070452,non_malignant,0,non_malignant,0,non_malignant,0
ISIC_0070463,melanoma,1,melanoma,1,melanoma,1
ISIC_0070467,non_malignant,0,melanoma,1,melanoma,1
ISIC_0070469,non_malignant,0,non_malignant,0,non_malignant,0
ISIC_0070475,non_malignant,0,non_malignant,0,non_malignant,0
ISIC_0070495,non_malignant,0,non_malignant,0,non_malignant,0
ISIC_0070501,melanoma,1,melanoma,1,melanoma,1
ISIC_0070508,non_malignant,0,bcc,2,non_malignant,0
ISIC_0070513,non_malignant,0,non_malignant,0,non_malignant,0
ISIC_0070518,non_malignant,0,non_malignant,0,non_malignant,0
ISIC_0070523,bcc,2,bcc,2,bcc,2
ISIC_0070532,bcc,2,non_malignant,0,bcc,2
ISIC_0070533,non_malignant,0,non_malignant,0,non_malignant,0
ISIC_0070546,non_malignant,0,non_malignant,0,non_malignant,0
ISIC_0070547,non_malignant,0,non_malignant,0,non_malignant,0
ISIC_0070554,non_malignant,0,non_malignant,0,non_malignant,0
ISIC_0070561,melanoma,1,melanoma,1,melanoma,1
ISIC_0070564,non_malignant,0,non_malignant,0,non_malignant,0
ISIC_0070565,non_malignant,0,non_malignant,0,non_malignant,0
ISIC_0070579,non_malignant,0,non_malignant,0,non_malignant,0
ISIC_0070587,non_malignant,0,non_malignant,0,non_malignant,0
ISIC_0070588,melanoma,1,melanoma,1,melanoma,1
ISIC_0070597,non_malignant,0,non_malignant,0,non_malignant,0
ISIC_0070601,melanoma,1,non_malignant,0,non_malignant,0
ISIC_0070608,bcc,2,non_malignant,0,bcc,2
ISIC_0070609,non_malignant,0,non_malignant,0,non_malignant,0
ISIC_0070613,non_malignant,0,non_malignant,0,non_malignant,0
ISIC_0070617,non_malignant,0,non_malignant,0,melanoma,1
ISIC_0070619,non_malignant,0,melanoma,1,non_malignant,0
ISIC_0070620,bcc,2,non_malignant,0,bcc,2
ISIC_0070622,non_malignant,0,scc,3,melanoma,1
ISIC_0070631,non_malignant,0,melanoma,1,bcc,2
ISIC_0070640,non_malignant,0,non_malignant,0,non_malignant,0
ISIC_0070651,non_malignant,0,non_malignant,0,non_malignant,0
ISIC_0070656,bcc,2,bcc,2,bcc,2
ISIC_0070659,non_malignant,0,non_malignant,0,melanoma,1
ISIC_0070677,non_malignant,0,non_malignant,0,non_malignant,0
ISIC_0070680,non_malignant,0,non_malignant,0,non_malignant,0
ISIC_0070682,bcc,2,bcc,2,non_malignant,0
ISIC_0070685,non_malignant,0,melanoma,1,melanoma,1
ISIC_0070693,non_malignant,0,non_malignant,0,non_malignant,0
ISIC_0070694,non_malignant,0,non_malignant,0,non_malignant,0
ISIC_0070715,non_malignant,0,non_malignant,0,non_malignant,0
ISIC_0070716,non_malignant,0,scc,3,scc,3
ISIC_0070717,bcc,2,bcc,2,bcc,2
ISIC_0070721,bcc,2,bcc,2,bcc,2
ISIC_0070729,non_malignant,0,non_malignant,0,non_malignant,0
ISIC_0070731,melanoma,1,melanoma,1,melanoma,1
ISIC_0070734,bcc,2,melanoma,1,scc,3
ISIC_0070742,non_malignant,0,bcc,2,bcc,2
ISIC_0070744,bcc,2,bcc,2,bcc,2
ISIC_0070770,non_malignant,0,non_malignant,0,non_malignant,0
ISIC_0070782,non_malignant,0,non_malignant,0,non_malignant,0
ISIC_0070784,melanoma,1,melanoma,1,non_malignant,0
ISIC_0070806,non_malignant,0,non_malignant,0,non_malignant,0
ISIC_0070808,non_malignant,0,non_malignant,0,non_malignant,0
ISIC_0070817,bcc,2,bcc,2,bcc,2
ISIC_0070819,non_malignant,0,bcc,2,bcc,2
ISIC_0070835,non_malignant,0,non_malignant,0,non_malignant,0
ISIC_0070844,bcc,2,bcc,2,bcc,2
ISIC_0070849,non_malignant,0,non_malignant,0,melanoma,1
ISIC_0070850,non_malignant,0,non_malignant,0,non_malignant,0
ISIC_0070853,bcc,2,bcc,2,bcc,2
ISIC_0070854,non_malignant,0,non_malignant,0,non_malignant,0
ISIC_0070857,non_malignant,0,non_malignant,0,bcc,2
ISIC_0070858,scc,3,bcc,2,bcc,2
ISIC_0070863,scc,3,scc,3,scc,3
ISIC_0070873,bcc,2,bcc,2,bcc,2
ISIC_0070885,non_malignant,0,non_malignant,0,non_malignant,0
ISIC_0070891,bcc,2,bcc,2,bcc,2
ISIC_0070892,melanoma,1,melanoma,1,melanoma,1
ISIC_0070893,non_malignant,0,melanoma,1,melanoma,1
ISIC_0070898,non_malignant,0,melanoma,1,melanoma,1
ISIC_0070915,non_malignant,0,non_malignant,0,melanoma,1
ISIC_0070924,bcc,2,bcc,2,bcc,2
ISIC_0070931,melanoma,1,melanoma,1,melanoma,1
ISIC_0070935,bcc,2,bcc,2,bcc,2
ISIC_0070947,non_malignant,0,melanoma,1,melanoma,1
ISIC_0070956,melanoma,1,non_malignant,0,melanoma,1
ISIC_0070961,melanoma,1,non_malignant,0,non_malignant,0
ISIC_0070968,melanoma,1,melanoma,1,melanoma,1
ISIC_0070990,melanoma,1,melanoma,1,melanoma,1
ISIC_0070994,bcc,2,non_malignant,0,bcc,2
ISIC_0071024,non_malignant,0,scc,3,non_malignant,0
ISIC_0071026,non_malignant,0,non_malignant,0,non_malignant,0
ISIC_0071032,non_malignant,0,non_malignant,0,non_malignant,0
ISIC_0071035,melanoma,1,melanoma,1,non_malignant,0
ISIC_0071038,non_malignant,0,non_malignant,0,non_malignant,0
ISIC_0071040,melanoma,1,melanoma,1,melanoma,1
ISIC_0071041,non_malignant,0,non_malignant,0,melanoma,1
ISIC_0071042,non_malignant,0,melanoma,1,non_malignant,0
ISIC_0071044,non_malignant,0,non_malignant,0,bcc,2
ISIC_0071050,melanoma,1,melanoma,1,melanoma,1
ISIC_0071051,non_malignant,0,non_malignant,0,non_malignant,0
ISIC_0071066,non_malignant,0,non_malignant,0,non_malignant,0
ISIC_0071076,non_malignant,0,scc,3,scc,3
ISIC_0071080,non_malignant,0,bcc,2,non_malignant,0
ISIC_0071085,bcc,2,bcc,2,bcc,2
ISIC_0071087,non_malignant,0,non_malignant,0,non_malignant,0
ISIC_0071095,melanoma,1,non_malignant,0,melanoma,1
ISIC_0071101,melanoma,1,melanoma,1,melanoma,1
ISIC_0071103,non_malignant,0,melanoma,1,melanoma,1
ISIC_0071107,non_malignant,0,non_malignant,0,non_malignant,0
ISIC_0071118,non_malignant,0,non_malignant,0,non_malignant,0
ISIC_0071132,melanoma,1,non_malignant,0,melanoma,1
ISIC_0071135,non_malignant,0,melanoma,1,non_malignant,0
ISIC_0071138,melanoma,1,bcc,2,bcc,2
ISIC_0071140,non_malignant,0,non_malignant,0,non_malignant,0
ISIC_0071143,non_malignant,0,bcc,2,non_malignant,0
ISIC_0071149,non_malignant,0,non_malignant,0,melanoma,1
ISIC_0071159,non_malignant,0,melanoma,1,non_malignant,0
ISIC_0071162,non_malignant,0,non_malignant,0,non_malignant,0
ISIC_0071168,non_malignant,0,non_malignant,0,non_malignant,0
ISIC_0071172,bcc,2,melanoma,1,melanoma,1
ISIC_0071174,non_malignant,0,melanoma,1,non_malignant,0
ISIC_0071175,non_malignant,0,bcc,2,non_malignant,0
ISIC_0071193,melanoma,1,melanoma,1,non_malignant,0
ISIC_0071222,scc,3,non_malignant,0,bcc,2
ISIC_0071261,non_malignant,0,non_malignant,0,non_malignant,0
ISIC_0071266,bcc,2,bcc,2,bcc,2
ISIC_0071267,non_malignant,0,scc,3,non_malignant,0
ISIC_0071276,non_malignant,0,non_malignant,0,melanoma,1
ISIC_0071277,non_malignant,0,non_malignant,0,non_malignant,0
ISIC_0071284,non_malignant,0,non_malignant,0,non_malignant,0
ISIC_0071285,non_malignant,0,non_malignant,0,non_malignant,0
ISIC_0071286,non_malignant,0,non_malignant,0,non_malignant,0
ISIC_0071295,bcc,2,bcc,2,bcc,2
ISIC_0071305,non_malignant,0,melanoma,1,non_malignant,0
ISIC_0071307,non_malignant,0,non_malignant,0,melanoma,1
ISIC_0071314,melanoma,1,melanoma,1,non_malignant,0
ISIC_0071315,melanoma,1,melanoma,1,melanoma,1
ISIC_0071316,melanoma,1,melanoma,1,melanoma,1
ISIC_0071325,non_malignant,0,non_malignant,0,non_malignant,0
ISIC_0071326,non_malignant,0,non_malignant,0,non_malignant,0
ISIC_0071329,non_malignant,0,melanoma,1,non_malignant,0
ISIC_0071332,non_malignant,0,scc,3,melanoma,1
ISIC_0071335,melanoma,1,non_malignant,0,melanoma,1
ISIC_0071353,non_malignant,0,non_malignant,0,non_malignant,0
ISIC_0071369,bcc,2,melanoma,1,scc,3
ISIC_0071376,non_malignant,0,non_malignant,0,non_malignant,0
ISIC_0071384,bcc,2,non_malignant,0,bcc,2
ISIC_0071385,bcc,2,non_malignant,0,non_malignant,0
ISIC_0071386,non_malignant,0,non_malignant,0,non_malignant,0
ISIC_0071388,melanoma,1,bcc,2,melanoma,1
ISIC_0071397,bcc,2,bcc,2,bcc,2
ISIC_0071398,bcc,2,bcc,2,bcc,2
ISIC_0071399,non_malignant,0,non_malignant,0,non_malignant,0
ISIC_0071401,melanoma,1,melanoma,1,melanoma,1
ISIC_0071406,non_malignant,0,bcc,2,bcc,2
ISIC_0071407,non_malignant,0,bcc,2,bcc,2
ISIC_0071410,non_malignant,0,non_malignant,0,non_malignant,0
ISIC_0071414,bcc,2,bcc,2,bcc,2
ISIC_0071415,melanoma,1,melanoma,1,melanoma,1
ISIC_0071426,non_malignant,0,non_malignant,0,non_malignant,0
ISIC_0071438,bcc,2,non_malignant,0,bcc,2
ISIC_0071460,non_malignant,0,non_malignant,0,non_malignant,0
ISIC_0071461,bcc,2,bcc,2,bcc,2
ISIC_0071467,non_malignant,0,bcc,2,non_malignant,0
ISIC_0071471,melanoma,1,melanoma,1,melanoma,1
ISIC_0071474,non_malignant,0,non_malignant,0,non_malignant,0
ISIC_0071480,bcc,2,bcc,2,bcc,2
ISIC_0071485,non_malignant,0,melanoma,1,melanoma,1
ISIC_0071489,non_malignant,0,non_malignant,0,non_malignant,0
ISIC_0071497,non_malignant,0,non_malignant,0,non_malignant,0
ISIC_0071501,non_malignant,0,non_malignant,0,non_malignant,0
ISIC_0071502,non_malignant,0,bcc,2,bcc,2
ISIC_0071506,non_malignant,0,melanoma,1,non_malignant,0
ISIC_0071509,scc,3,scc,3,bcc,2
ISIC_0071511,non_malignant,0,melanoma,1,melanoma,1
ISIC_0071519,non_malignant,0,melanoma,1,non_malignant,0
ISIC_0071530,non_malignant,0,non_malignant,0,non_malignant,0
ISIC_0071543,non_malignant,0,non_malignant,0,non_malignant,0
ISIC_0071545,non_malignant,0,melanoma,1,non_malignant,0
ISIC_0071549,bcc,2,bcc,2,scc,3
ISIC_0071559,melanoma,1,bcc,2,non_malignant,0
ISIC_0071560,non_malignant,0,non_malignant,0,non_malignant,0
ISIC_0071564,non_malignant,0,non_malignant,0,melanoma,1
ISIC_0071572,non_malignant,0,bcc,2,bcc,2
ISIC_0071576,melanoma,1,non_malignant,0,non_malignant,0
ISIC_0071580,melanoma,1,melanoma,1,melanoma,1
ISIC_0071603,bcc,2,bcc,2,bcc,2
ISIC_0071618,non_malignant,0,scc,3,non_malignant,0
ISIC_0071622,non_malignant,0,non_malignant,0,non_malignant,0
ISIC_0071631,scc,3,melanoma,1,melanoma,1
ISIC_0071638,non_malignant,0,non_malignant,0,melanoma,1
ISIC_0071642,melanoma,1,non_malignant,0,non_malignant,0
ISIC_0071647,non_malignant,0,bcc,2,bcc,2
ISIC_0071648,melanoma,1,melanoma,1,melanoma,1
ISIC_0071654,non_malignant,0,melanoma,1,non_malignant,0
ISIC_0071655,non_malignant,0,melanoma,1,non_malignant,0
ISIC_0071662,non_malignant,0,non_malignant,0,non_malignant,0
ISIC_0071674,non_malignant,0,non_malignant,0,non_malignant,0
ISIC_0071691,non_malignant,0,non_malignant,0,bcc,2
ISIC_0071697,non_malignant,0,non_malignant,0,melanoma,1
ISIC_0071699,melanoma,1,melanoma,1,melanoma,1
ISIC_0071701,non_malignant,0,non_malignant,0,non_malignant,0
ISIC_0071704,non_malignant,0,bcc,2,bcc,2
ISIC_0071718,non_malignant,0,non_malignant,0,non_malignant,0
ISIC_0071720,melanoma,1,melanoma,1,melanoma,1
ISIC_0071725,melanoma,1,melanoma,1,melanoma,1
ISIC_0071726,melanoma,1,melanoma,1,melanoma,1
ISIC_0071739,non_malignant,0,melanoma,1,non_malignant,0
ISIC_0071753,non_malignant,0,melanoma,1,melanoma,1
ISIC_0071755,non_malignant,0,non_malignant,0,non_malignant,0
ISIC_0071756,scc,3,non_malignant,0,scc,3
ISIC_0071758,bcc,2,non_malignant,0,scc,3
ISIC_0071759,non_malignant,0,non_malignant,0,non_malignant,0
ISIC_0071768,melanoma,1,melanoma,1,melanoma,1
ISIC_0071787,non_malignant,0,non_malignant,0,bcc,2
ISIC_0071796,non_malignant,0,melanoma,1,non_malignant,0
ISIC_0071797,melanoma,1,melanoma,1,melanoma,1
ISIC_0071807,non_malignant,0,bcc,2,bcc,2
ISIC_0071808,melanoma,1,melanoma,1,melanoma,1
ISIC_0071819,non_malignant,0,non_malignant,0,non_malignant,0
ISIC_0071822,non_malignant,0,bcc,2,bcc,2
ISIC_0071826,melanoma,1,non_malignant,0,non_malignant,0
ISIC_0071828,non_malignant,0,melanoma,1,melanoma,1
ISIC_0071833,non_malignant,0,bcc,2,bcc,2
ISIC_0071836,non_malignant,0,melanoma,1,non_malignant,0
ISIC_0071842,non_malignant,0,non_malignant,0,non_malignant,0
ISIC_0071843,bcc,2,bcc,2,bcc,2
ISIC_0071844,non_malignant,0,non_malignant,0,scc,3
ISIC_0071855,non_malignant,0,non_malignant,0,non_malignant,0
ISIC_0071861,non_malignant,0,non_malignant,0,non_malignant,0
ISIC_0071867,bcc,2,bcc,2,bcc,2
ISIC_0071875,melanoma,1,melanoma,1,melanoma,1
ISIC_0071877,non_malignant,0,non_malignant,0,non_malignant,0
ISIC_0071880,non_malignant,0,non_malignant,0,non_malignant,0
ISIC_0071881,non_malignant,0,non_malignant,0,non_malignant,0
ISIC_0071883,non_malignant,0,non_malignant,0,melanoma,1
ISIC_0071895,non_malignant,0,non_malignant,0,bcc,2
ISIC_0071900,non_malignant,0,non_malignant,0,non_malignant,0
ISIC_0071911,non_malignant,0,non_malignant,0,non_malignant,0
ISIC_0071913,melanoma,1,non_malignant,0,non_malignant,0
ISIC_0071923,bcc,2,scc,3,melanoma,1
ISIC_0071935,non_malignant,0,non_malignant,0,non_malignant,0
ISIC_0071948,scc,3,bcc,2,bcc,2
ISIC_0071955,bcc,2,bcc,2,melanoma,1
ISIC_0071959,melanoma,1,melanoma,1,melanoma,1
ISIC_0071962,non_malignant,0,non_malignant,0,non_malignant,0
ISIC_0071966,non_malignant,0,non_malignant,0,non_malignant,0
ISIC_0071967,bcc,2,bcc,2,bcc,2
ISIC_0071969,scc,3,bcc,2,bcc,2
ISIC_0071979,bcc,2,non_malignant,0,non_malignant,0
ISIC_0071986,non_malignant,0,non_malignant,0,non_malignant,0
ISIC_0071989,non_malignant,0,non_malignant,0,non_malignant,0
ISIC_0071990,non_malignant,0,non_malignant,0,non_malignant,0
ISIC_0071992,melanoma,1,melanoma,1,melanoma,1
ISIC_0072005,non_malignant,0,non_malignant,0,melanoma,1
ISIC_0072007,non_malignant,0,non_malignant,0,non_malignant,0
ISIC_0072012,non_malignant,0,melanoma,1,bcc,2
ISIC_0072019,non_malignant,0,non_malignant,0,non_malignant,0
ISIC_0072040,non_malignant,0,melanoma,1,non_malignant,0
ISIC_0072046,non_malignant,0,non_malignant,0,non_malignant,0
ISIC_0072051,melanoma,1,non_malignant,0,melanoma,1
ISIC_0072055,non_malignant,0,melanoma,1,non_malignant,0
ISIC_0072060,bcc,2,bcc,2,bcc,2
ISIC_0072068,non_malignant,0,non_malignant,0,bcc,2
ISIC_0072077,melanoma,1,melanoma,1,melanoma,1
ISIC_0072080,non_malignant,0,non_malignant,0,non_malignant,0
ISIC_0072093,melanoma,1,melanoma,1,melanoma,1
ISIC_0072096,non_malignant,0,melanoma,1,melanoma,1
ISIC_0072102,non_malignant,0,non_malignant,0,bcc,2
ISIC_0072106,non_malignant,0,non_malignant,0,non_malignant,0
ISIC_0072108,bcc,2,melanoma,1,melanoma,1
ISIC_0072120,non_malignant,0,non_malignant,0,non_malignant,0
ISIC_0072131,bcc,2,scc,3,bcc,2
ISIC_0072133,non_malignant,0,melanoma,1,melanoma,1
ISIC_0072136,melanoma,1,melanoma,1,melanoma,1
ISIC_0072137,non_malignant,0,melanoma,1,non_malignant,0
ISIC_0072143,melanoma,1,melanoma,1,melanoma,1
ISIC_0072157,melanoma,1,non_malignant,0,melanoma,1
ISIC_0072161,non_malignant,0,bcc,2,bcc,2
ISIC_0072165,non_malignant,0,non_malignant,0,non_malignant,0
ISIC_0072168,non_malignant,0,non_malignant,0,bcc,2
ISIC_0072179,non_malignant,0,non_malignant,0,non_malignant,0
ISIC_0072183,non_malignant,0,non_malignant,0,non_malignant,0
ISIC_0072185,non_malignant,0,melanoma,1,melanoma,1
ISIC_0072194,melanoma,1,melanoma,1,non_malignant,0
ISIC_0072195,melanoma,1,non_malignant,0,melanoma,1
ISIC_0072202,non_malignant,0,non_malignant,0,non_malignant,0
ISIC_0072203,non_malignant,0,non_malignant,0,melanoma,1
ISIC_0072210,non_malignant,0,melanoma,1,bcc,2
ISIC_0072213,non_malignant,0,non_malignant,0,non_malignant,0
ISIC_0072218,melanoma,1,melanoma,1,melanoma,1
ISIC_0072223,melanoma,1,melanoma,1,melanoma,1
ISIC_0072239,bcc,2,bcc,2,bcc,2
ISIC_0072241,melanoma,1,non_malignant,0,melanoma,1
ISIC_0072249,non_malignant,0,non_malignant,0,non_malignant,0
ISIC_0072254,bcc,2,bcc,2,bcc,2
ISIC_0072266,non_malignant,0,non_malignant,0,non_malignant,0
ISIC_0072272,non_malignant,0,non_malignant,0,non_malignant,0
ISIC_0072280,melanoma,1,non_malignant,0,non_malignant,0
ISIC_0072283,non_malignant,0,non_malignant,0,non_malignant,0
ISIC_0072295,non_malignant,0,melanoma,1,melanoma,1
ISIC_0072313,non_malignant,0,non_malignant,0,non_malignant,0
ISIC_0072319,non_malignant,0,non_malignant,0,non_malignant,0
ISIC_0072320,non_malignant,0,non_malignant,0,non_malignant,0
ISIC_0072324,non_malignant,0,non_malignant,0,non_malignant,0
ISIC_0072327,non_malignant,0,melanoma,1,non_malignant,0
ISIC_0072329,non_malignant,0,non_malignant,0,non_malignant,0
ISIC_0072340,non_malignant,0,non_malignant,0,non_malignant,0
ISIC_0072346,non_malignant,0,non_malignant,0,non_malignant,0
ISIC_0072361,bcc,2,scc,3,scc,3
ISIC_0072370,non_malignant,0,melanoma,1,melanoma,1
ISIC_0072371,melanoma,1,non_malignant,0,non_malignant,0
ISIC_0072394,non_malignant,0,bcc,2,non_malignant,0
ISIC_0072397,non_malignant,0,non_malignant,0,non_malignant,0
ISIC_0072422,melanoma,1,scc,3,bcc,2
ISIC_0072433,bcc,2,bcc,2,bcc,2
ISIC_0072441,melanoma,1,non_malignant,0,non_malignant,0
ISIC_0072443,non_malignant,0,non_malignant,0,non_malignant,0
ISIC_0072452,non_malignant,0,non_malignant,0,bcc,2
ISIC_0072455,bcc,2,non_malignant,0,non_malignant,0
ISIC_0072477,bcc,2,bcc,2,bcc,2
ISIC_0072484,non_malignant,0,non_malignant,0,non_malignant,0
ISIC_0072503,non_malignant,0,non_malignant,0,non_malignant,0
ISIC_0072505,bcc,2,melanoma,1,non_malignant,0
ISIC_0072522,melanoma,1,melanoma,1,melanoma,1
ISIC_0072528,non_malignant,0,non_malignant,0,non_malignant,0
ISIC_0072537,non_malignant,0,bcc,2,bcc,2
ISIC_0072552,non_malignant,0,non_malignant,0,non_malignant,0
ISIC_0072553,non_malignant,0,non_malignant,0,non_malignant,0
ISIC_0072564,melanoma,1,melanoma,1,melanoma,1
ISIC_0072581,bcc,2,bcc,2,bcc,2
ISIC_0072582,melanoma,1,melanoma,1,melanoma,1
ISIC_0072594,melanoma,1,melanoma,1,melanoma,1
ISIC_0072600,non_malignant,0,non_malignant,0,non_malignant,0
ISIC_0072601,melanoma,1,melanoma,1,melanoma,1
ISIC_0072602,bcc,2,bcc,2,bcc,2
ISIC_0072603,bcc,2,bcc,2,bcc,2
ISIC_0072607,non_malignant,0,melanoma,1,bcc,2
ISIC_0072609,non_malignant,0,melanoma,1,non_malignant,0
ISIC_0072610,bcc,2,bcc,2,bcc,2
ISIC_0072635,non_malignant,0,non_malignant,0,melanoma,1
ISIC_0072637,non_malignant,0,non_malignant,0,non_malignant,0
ISIC_0072639,non_malignant,0,non_malignant,0,non_malignant,0
ISIC_0072641,melanoma,1,melanoma,1,bcc,2
ISIC_0072647,non_malignant,0,non_malignant,0,non_malignant,0
ISIC_0072648,non_malignant,0,non_malignant,0,non_malignant,0
ISIC_0072649,bcc,2,melanoma,1,melanoma,1
ISIC_0072654,melanoma,1,melanoma,1,melanoma,1
ISIC_0072656,bcc,2,bcc,2,bcc,2
ISIC_0072675,non_malignant,0,non_malignant,0,non_malignant,0
ISIC_0072679,non_malignant,0,non_malignant,0,melanoma,1
ISIC_0072694,melanoma,1,non_malignant,0,non_malignant,0
ISIC_0072698,bcc,2,bcc,2,bcc,2
ISIC_0072703,non_malignant,0,bcc,2,bcc,2
ISIC_0072709,bcc,2,scc,3,bcc,2
ISIC_0072715,non_malignant,0,non_malignant,0,non_malignant,0
ISIC_0072726,non_malignant,0,bcc,2,scc,3
ISIC_0072731,bcc,2,bcc,2,bcc,2
ISIC_0072735,bcc,2,bcc,2,bcc,2
ISIC_0072737,non_malignant,0,melanoma,1,melanoma,1
ISIC_0072738,melanoma,1,melanoma,1,melanoma,1
ISIC_0072739,non_malignant,0,bcc,2,bcc,2
ISIC_0072745,non_malignant,0,bcc,2,bcc,2
ISIC_0072752,non_malignant,0,melanoma,1,melanoma,1
ISIC_0072760,non_malignant,0,melanoma,1,non_malignant,0
ISIC_0072767,non_malignant,0,non_malignant,0,non_malignant,0
ISIC_0072781,non_malignant,0,non_malignant,0,non_malignant,0
ISIC_0072792,bcc,2,bcc,2,bcc,2
ISIC_0072798,non_malignant,0,non_malignant,0,non_malignant,0
ISIC_0072802,non_malignant,0,non_malignant,0,non_malignant,0
ISIC_0072815,non_malignant,0,bcc,2,non_malignant,0
ISIC_0072821,non_malignant,0,melanoma,1,melanoma,1
ISIC_0072825,melanoma,1,melanoma,1,melanoma,1
ISIC_0072826,melanoma,1,melanoma,1,melanoma,1
ISIC_0072829,scc,3,bcc,2,bcc,2
ISIC_0072834,non_malignant,0,non_malignant,0,bcc,2
ISIC_0072848,non_malignant,0,non_malignant,0,non_malignant,0
ISIC_0072851,bcc,2,bcc,2,bcc,2
ISIC_0072853,bcc,2,bcc,2,bcc,2
ISIC_0072855,non_malignant,0,non_malignant,0,non_malignant,0
ISIC_0072856,bcc,2,bcc,2,bcc,2
ISIC_0072857,bcc,2,bcc,2,bcc,2
ISIC_0072868,melanoma,1,melanoma,1,melanoma,1
ISIC_0072870,non_malignant,0,non_malignant,0,non_malignant,0
ISIC_0072874,non_malignant,0,non_malignant,0,non_malignant,0
ISIC_0072882,non_malignant,0,melanoma,1,melanoma,1
ISIC_0072892,non_malignant,0,melanoma,1,melanoma,1
ISIC_0072893,non_malignant,0,non_malignant,0,non_malignant,0
ISIC_0072896,melanoma,1,non_malignant,0,melanoma,1
ISIC_0072898,non_malignant,0,bcc,2,bcc,2
ISIC_0072904,non_malignant,0,non_malignant,0,non_malignant,0
ISIC_0072907,bcc,2,bcc,2,bcc,2
ISIC_0072928,non_malignant,0,non_malignant,0,non_malignant,0
ISIC_0072933,scc,3,bcc,2,scc,3
ISIC_0072938,non_malignant,0,non_malignant,0,non_malignant,0
ISIC_0072941,non_malignant,0,non_malignant,0,non_malignant,0
ISIC_0072960,non_malignant,0,non_malignant,0,non_malignant,0
ISIC_0072969,scc,3,bcc,2,non_malignant,0
ISIC_0072975,non_malignant,0,non_malignant,0,non_malignant,0
ISIC_0072998,non_malignant,0,non_malignant,0,non_malignant,0
ISIC_0073008,non_malignant,0,non_malignant,0,non_malignant,0
ISIC_0073010,bcc,2,bcc,2,melanoma,1
ISIC_0073018,melanoma,1,non_malignant,0,non_malignant,0
ISIC_0073025,non_malignant,0,non_malignant,0,melanoma,1
ISIC_0073032,melanoma,1,melanoma,1,melanoma,1
ISIC_0073043,non_malignant,0,non_malignant,0,non_malignant,0
ISIC_0073047,bcc,2,bcc,2,bcc,2
ISIC_0073049,bcc,2,bcc,2,bcc,2
ISIC_0073050,non_malignant,0,non_malignant,0,non_malignant,0
ISIC_0073058,non_malignant,0,non_malignant,0,non_malignant,0
ISIC_0073059,bcc,2,bcc,2,bcc,2
ISIC_0073069,non_malignant,0,non_malignant,0,non_malignant,0
ISIC_0073070,non_malignant,0,non_malignant,0,non_malignant,0
ISIC_0073071,bcc,2,non_malignant,0,bcc,2
ISIC_0073080,non_malignant,0,non_malignant,0,non_malignant,0
ISIC_0073101,non_malignant,0,melanoma,1,non_malignant,0
ISIC_0073110,non_malignant,0,melanoma,1,bcc,2
ISIC_0073115,melanoma,1,melanoma,1,melanoma,1
ISIC_0073119,melanoma,1,bcc,2,bcc,2
ISIC_0073125,non_malignant,0,melanoma,1,non_malignant,0
ISIC_0073135,non_malignant,0,non_malignant,0,non_malignant,0
ISIC_0073143,melanoma,1,melanoma,1,melanoma,1
ISIC_0073144,non_malignant,0,bcc,2,bcc,2
ISIC_0073151,bcc,2,non_malignant,0,bcc,2
ISIC_0073164,non_malignant,0,non_malignant,0,non_malignant,0
ISIC_0073170,bcc,2,bcc,2,bcc,2
ISIC_0073171,non_malignant,0,non_malignant,0,melanoma,1
ISIC_0073182,non_malignant,0,melanoma,1,melanoma,1
ISIC_0073184,non_malignant,0,non_malignant,0,non_malignant,0
ISIC_0073196,bcc,2,bcc,2,bcc,2
ISIC_0073201,non_malignant,0,non_malignant,0,non_malignant,0
ISIC_0073209,non_malignant,0,non_malignant,0,melanoma,1
ISIC_0073220,non_malignant,0,non_malignant,0,non_malignant,0
ISIC_0073235,non_malignant,0,melanoma,1,melanoma,1
ISIC_0073241,melanoma,1,non_malignant,0,melanoma,1
ISIC_0073246,bcc,2,bcc,2,bcc,2
ISIC_0073251,non_malignant,0,non_malignant,0,non_malignant,0
